Country,workout_2018_2023,home_workout_2018_2023,gym_workout_2018_2023,home_gym_2018_2023,workout_worldwide,home_workout_worldwide,gym_workout_worldwide,home_gym_worldwide,year
Guam,27.9672131147541,40.787234042553195,34.212765957446805,25.0,59.0,12.0,16.0,10.0,2018
Falkland Islands (Islas Malvinas),27.9672131147541,40.787234042553195,34.212765957446805,25.0,61.0,12.0,18.0,10.0,2018
Cook Islands,27.9672131147541,40.787234042553195,34.212765957446805,25.0,57.0,13.0,16.0,9.0,2018
Brunei,27.9672131147541,40.787234042553195,34.212765957446805,25.0,56.0,12.0,17.0,9.0,2018
Palau,27.9672131147541,40.787234042553195,34.212765957446805,25.0,51.0,12.0,17.0,9.0,2018
United States,100.0,36.0,27.0,37.0,58.0,12.0,17.0,9.0,2018
Gibraltar,27.9672131147541,40.787234042553195,34.212765957446805,25.0,50.0,11.0,17.0,10.0,2018
Northern Mariana Islands,27.9672131147541,40.787234042553195,34.212765957446805,25.0,49.0,11.0,15.0,9.0,2018
American Samoa,27.9672131147541,40.787234042553195,34.212765957446805,25.0,47.0,11.0,15.0,9.0,2018
Bermuda,27.9672131147541,40.787234042553195,34.212765957446805,25.0,48.0,11.0,13.0,10.0,2018
Seychelles,27.9672131147541,40.787234042553195,34.212765957446805,25.0,64.0,16.0,21.0,13.0,2019
Cayman Islands,27.9672131147541,40.787234042553195,34.212765957446805,25.0,63.0,14.0,17.0,10.0,2019
Canada,86.0,40.0,27.0,33.0,55.0,13.0,17.0,10.0,2019
Belize,27.9672131147541,40.787234042553195,34.212765957446805,25.0,54.0,11.0,15.0,9.0,2019
Turks & Caicos Islands,27.9672131147541,40.787234042553195,34.212765957446805,25.0,53.0,12.0,16.0,9.0,2019
Tonga,27.9672131147541,40.787234042553195,34.212765957446805,25.0,56.0,13.0,16.0,9.0,2019
Aruba,27.9672131147541,40.787234042553195,34.212765957446805,25.0,56.0,14.0,17.0,10.0,2019
Barbados,27.9672131147541,40.787234042553195,34.212765957446805,25.0,54.0,12.0,17.0,9.0,2019
Australia,77.0,30.0,34.0,36.0,49.0,11.0,16.0,10.0,2019
St. Kitts & Nevis,27.9672131147541,40.787234042553195,34.212765957446805,25.0,47.0,10.0,15.0,9.0,2019
Samoa,27.9672131147541,40.787234042553195,34.212765957446805,25.0,47.0,11.0,16.0,10.0,2019
U.S. Virgin Islands,27.9672131147541,40.787234042553195,34.212765957446805,25.0,48.0,11.0,14.0,10.0,2019
New Zealand,73.0,34.0,36.0,30.0,63.0,15.0,21.0,12.0,2020
Lebanon,73.0,40.787234042553195,34.212765957446805,25.0,60.0,13.0,18.0,11.0,2020
Trinidad & Tobago,27.9672131147541,40.787234042553195,34.212765957446805,25.0,56.0,13.0,17.0,11.0,2020
St. Lucia,27.9672131147541,40.787234042553195,34.212765957446805,25.0,100.0,82.0,13.0,34.0,2020
Antigua & Barbuda,27.9672131147541,40.787234042553195,34.212765957446805,25.0,80.0,44.0,10.0,25.0,2020
Grenada,27.9672131147541,40.787234042553195,34.212765957446805,25.0,71.0,29.0,11.0,23.0,2020
Faroe Islands,27.9672131147541,40.787234042553195,34.212765957446805,25.0,66.0,28.0,13.0,23.0,2020
Guernsey,27.9672131147541,40.787234042553195,34.212765957446805,25.0,62.0,23.0,13.0,23.0,2020
Ireland,69.0,33.0,36.0,31.0,58.0,21.0,15.0,20.0,2020
Philippines,69.0,52.0,38.0,10.0,55.0,19.0,14.0,18.0,2020
Jersey,27.9672131147541,40.787234042553195,34.212765957446805,25.0,48.0,20.0,12.0,19.0,2020
Sint Maarten,27.9672131147541,40.787234042553195,34.212765957446805,25.0,54.0,20.0,14.0,20.0,2020
Mauritius,27.9672131147541,40.787234042553195,34.212765957446805,25.0,71.0,31.0,16.0,25.0,2021
Singapore,66.0,37.0,39.0,24.0,62.0,22.0,14.0,18.0,2021
United Kingdom,66.0,34.0,36.0,30.0,63.0,19.0,15.0,17.0,2021
British Virgin Islands,27.9672131147541,40.787234042553195,34.212765957446805,25.0,62.0,18.0,14.0,17.0,2021
Maldives,27.9672131147541,40.787234042553195,34.212765957446805,25.0,58.0,19.0,14.0,17.0,2021
Malta,27.9672131147541,40.787234042553195,34.212765957446805,25.0,61.0,17.0,14.0,14.0,2021
Isle of Man,27.9672131147541,40.787234042553195,34.212765957446805,25.0,56.0,16.0,16.0,14.0,2021
Botswana,27.9672131147541,40.787234042553195,34.212765957446805,25.0,55.0,14.0,16.0,15.0,2021
Bahamas,27.9672131147541,40.787234042553195,34.212765957446805,25.0,51.0,14.0,15.0,13.0,2021
Solomon Islands,27.9672131147541,40.787234042553195,34.212765957446805,25.0,50.0,12.0,15.0,13.0,2021
Iceland,27.9672131147541,40.787234042553195,34.212765957446805,25.0,49.0,12.0,14.0,14.0,2021
Guyana,27.9672131147541,40.787234042553195,34.212765957446805,25.0,47.0,12.0,13.0,14.0,2021
Caribbean Netherlands,27.9672131147541,40.787234042553195,34.212765957446805,25.0,69.0,21.0,19.0,21.0,2022
United Arab Emirates,56.0,32.0,47.0,21.0,61.0,14.0,19.0,14.0,2022
Fiji,27.9672131147541,40.787234042553195,34.212765957446805,25.0,57.0,13.0,19.0,13.0,2022
Greenland,27.9672131147541,40.787234042553195,34.212765957446805,25.0,54.0,14.0,17.0,12.0,2022
South Africa,55.0,41.0,33.0,26.0,56.0,13.0,17.0,12.0,2022
Curaçao,27.9672131147541,40.787234042553195,34.212765957446805,25.0,58.0,14.0,20.0,11.0,2022
Namibia,27.9672131147541,40.787234042553195,34.212765957446805,25.0,51.0,14.0,20.0,12.0,2022
Qatar,52.0,40.787234042553195,34.212765957446805,25.0,54.0,13.0,20.0,12.0,2022
Bhutan,27.9672131147541,40.787234042553195,34.212765957446805,25.0,49.0,11.0,19.0,11.0,2022
Bahrain,27.9672131147541,40.787234042553195,34.212765957446805,25.0,46.0,11.0,16.0,11.0,2022
Djibouti,27.9672131147541,40.787234042553195,34.212765957446805,25.0,47.0,11.0,18.0,12.0,2022
Lesotho,27.9672131147541,40.787234042553195,34.212765957446805,25.0,44.0,11.0,16.0,11.0,2022
Jamaica,27.9672131147541,40.787234042553195,34.212765957446805,25.0,62.0,17.0,22.0,15.0,2023
Zimbabwe,27.9672131147541,40.787234042553195,34.212765957446805,25.0,57.0,14.0,21.0,12.0,2023
St. Vincent & Grenadines,27.9672131147541,40.787234042553195,34.212765957446805,25.0,55.0,13.0,19.0,12.0,2023
Ethiopia,27.9672131147541,40.787234042553195,34.212765957446805,25.0,56.721311475409834,16.42622950819672,16.18032786885246,13.655737704918034,2023
Afghanistan,27.9672131147541,40.787234042553195,34.212765957446805,25.0,56.721311475409834,16.42622950819672,16.18032786885246,13.655737704918034,2023
Malawi,27.9672131147541,40.787234042553195,34.212765957446805,25.0,56.721311475409834,16.42622950819672,16.18032786885246,13.655737704918034,2023
Dominica,27.9672131147541,40.787234042553195,34.212765957446805,25.0,56.721311475409834,16.42622950819672,16.18032786885246,13.655737704918034,2023
Vanuatu,27.9672131147541,40.787234042553195,34.212765957446805,25.0,56.721311475409834,16.42622950819672,16.18032786885246,13.655737704918034,2023
St. Martin,27.9672131147541,40.787234042553195,34.212765957446805,25.0,56.721311475409834,16.42622950819672,16.18032786885246,13.655737704918034,2023
Suriname,27.9672131147541,40.787234042553195,34.212765957446805,25.0,56.721311475409834,16.42622950819672,16.18032786885246,13.655737704918034,2023
Norway,44.0,50.0,35.0,15.0,56.721311475409834,16.42622950819672,16.18032786885246,13.655737704918034,2023
Eswatini,27.9672131147541,40.787234042553195,34.212765957446805,25.0,56.721311475409834,16.42622950819672,16.18032786885246,13.655737704918034,2023
Kuwait,41.0,40.787234042553195,34.212765957446805,25.0,56.721311475409834,16.42622950819672,16.18032786885246,13.655737704918034,2023
North Macedonia,27.9672131147541,40.787234042553195,34.212765957446805,25.0,56.721311475409834,16.42622950819672,16.18032786885246,13.655737704918034,2023
Malaysia,41.0,47.0,38.0,15.0,56.721311475409834,16.42622950819672,16.18032786885246,13.655737704918034,2023
Cyprus,27.9672131147541,40.787234042553195,34.212765957446805,25.0,56.721311475409834,16.42622950819672,16.18032786885246,13.655737704918034,2023
Myanmar (Burma),27.9672131147541,40.787234042553195,34.212765957446805,25.0,56.721311475409834,16.42622950819672,16.18032786885246,13.655737704918034,2023
Anguilla,27.9672131147541,40.787234042553195,34.212765957446805,25.0,56.721311475409834,16.42622950819672,16.18032786885246,13.655737704918034,2023
Papua New Guinea,27.9672131147541,40.787234042553195,34.212765957446805,25.0,56.721311475409834,16.42622950819672,16.18032786885246,13.655737704918034,2023
Nepal,27.9672131147541,40.787234042553195,34.212765957446805,25.0,56.721311475409834,16.42622950819672,16.18032786885246,13.655737704918034,2023
Puerto Rico,27.9672131147541,40.787234042553195,34.212765957446805,25.0,56.721311475409834,16.42622950819672,16.18032786885246,13.655737704918034,2023
Sri Lanka,36.0,33.0,43.0,24.0,56.721311475409834,16.42622950819672,16.18032786885246,13.655737704918034,2023
Netherlands,34.0,45.0,33.0,22.0,56.721311475409834,16.42622950819672,16.18032786885246,13.655737704918034,2023
Zambia,27.9672131147541,40.787234042553195,34.212765957446805,25.0,56.721311475409834,16.42622950819672,16.18032786885246,13.655737704918034,2023
Gambia,27.9672131147541,40.787234042553195,34.212765957446805,25.0,56.721311475409834,16.42622950819672,16.18032786885246,13.655737704918034,2023
India,33.0,28.0,50.0,22.0,56.721311475409834,16.42622950819672,16.18032786885246,13.655737704918034,2023
Kenya,33.0,47.0,37.0,16.0,56.721311475409834,16.42622950819672,16.18032786885246,13.655737704918034,2023
Slovenia,27.9672131147541,40.787234042553195,34.212765957446805,25.0,56.721311475409834,16.42622950819672,16.18032786885246,13.655737704918034,2023
Kosovo,27.9672131147541,40.787234042553195,34.212765957446805,25.0,56.721311475409834,16.42622950819672,16.18032786885246,13.655737704918034,2023
Denmark,31.0,50.0,29.0,21.0,56.721311475409834,16.42622950819672,16.18032786885246,13.655737704918034,2023
Åland Islands,27.9672131147541,40.787234042553195,34.212765957446805,25.0,56.721311475409834,16.42622950819672,16.18032786885246,13.655737704918034,2023
Albania,27.9672131147541,40.787234042553195,34.212765957446805,25.0,56.721311475409834,16.42622950819672,16.18032786885246,13.655737704918034,2023
Croatia,29.0,40.787234042553195,34.212765957446805,25.0,56.721311475409834,16.42622950819672,16.18032786885246,13.655737704918034,2023
Pakistan,29.0,31.0,46.0,23.0,56.721311475409834,16.42622950819672,16.18032786885246,13.655737704918034,2023
Sweden,27.0,37.0,50.0,13.0,56.721311475409834,16.42622950819672,16.18032786885246,13.655737704918034,2023
St. Helena,27.9672131147541,40.787234042553195,34.212765957446805,25.0,56.721311475409834,16.42622950819672,16.18032786885246,13.655737704918034,2023
Luxembourg,27.9672131147541,40.787234042553195,34.212765957446805,25.0,56.721311475409834,16.42622950819672,16.18032786885246,13.655737704918034,2023
French Polynesia,27.9672131147541,40.787234042553195,34.212765957446805,25.0,56.721311475409834,16.42622950819672,16.18032786885246,13.655737704918034,2023
Estonia,27.9672131147541,40.787234042553195,34.212765957446805,25.0,56.721311475409834,16.42622950819672,16.18032786885246,13.655737704918034,2023
Ghana,27.9672131147541,40.787234042553195,34.212765957446805,25.0,56.721311475409834,16.42622950819672,16.18032786885246,13.655737704918034,2023
Oman,27.9672131147541,40.787234042553195,34.212765957446805,25.0,56.721311475409834,16.42622950819672,16.18032786885246,13.655737704918034,2023
Mongolia,27.9672131147541,40.787234042553195,34.212765957446805,25.0,56.721311475409834,16.42622950819672,16.18032786885246,13.655737704918034,2023
Rwanda,27.9672131147541,40.787234042553195,34.212765957446805,25.0,56.721311475409834,16.42622950819672,16.18032786885246,13.655737704918034,2023
Somalia,27.9672131147541,40.787234042553195,34.212765957446805,25.0,56.721311475409834,16.42622950819672,16.18032786885246,13.655737704918034,2023
Finland,23.0,40.787234042553195,34.212765957446805,25.0,56.721311475409834,16.42622950819672,16.18032786885246,13.655737704918034,2023
Austria,23.0,47.0,30.0,23.0,56.721311475409834,16.42622950819672,16.18032786885246,13.655737704918034,2023
Switzerland,23.0,52.0,26.0,22.0,56.721311475409834,16.42622950819672,16.18032786885246,13.655737704918034,2023
Monaco,27.9672131147541,40.787234042553195,34.212765957446805,25.0,56.721311475409834,16.42622950819672,16.18032786885246,13.655737704918034,2023
Belgium,23.0,50.0,24.0,26.0,56.721311475409834,16.42622950819672,16.18032786885246,13.655737704918034,2023
Greece,22.0,50.0,30.0,20.0,56.721311475409834,16.42622950819672,16.18032786885246,13.655737704918034,2023
Montenegro,27.9672131147541,40.787234042553195,34.212765957446805,25.0,56.721311475409834,16.42622950819672,16.18032786885246,13.655737704918034,2023
Hong Kong,22.0,43.0,35.0,22.0,56.721311475409834,16.42622950819672,16.18032786885246,13.655737704918034,2023
Uganda,27.9672131147541,40.787234042553195,34.212765957446805,25.0,56.721311475409834,16.42622950819672,16.18032786885246,13.655737704918034,2023
Georgia,27.9672131147541,40.787234042553195,34.212765957446805,25.0,56.721311475409834,16.42622950819672,16.18032786885246,13.655737704918034,2023
Serbia,20.0,40.787234042553195,34.212765957446805,25.0,56.721311475409834,16.42622950819672,16.18032786885246,13.655737704918034,2023
Lithuania,27.9672131147541,40.787234042553195,34.212765957446805,25.0,56.721311475409834,16.42622950819672,16.18032786885246,13.655737704918034,2023
Latvia,27.9672131147541,40.787234042553195,34.212765957446805,25.0,56.721311475409834,16.42622950819672,16.18032786885246,13.655737704918034,2023
Nigeria,20.0,56.0,31.0,13.0,56.721311475409834,16.42622950819672,16.18032786885246,13.655737704918034,2023
South Sudan,27.9672131147541,40.787234042553195,34.212765957446805,25.0,56.721311475409834,16.42622950819672,16.18032786885246,13.655737704918034,2023
Liechtenstein,27.9672131147541,40.787234042553195,34.212765957446805,25.0,56.721311475409834,16.42622950819672,16.18032786885246,13.655737704918034,2023
Germany,20.0,51.0,25.0,24.0,56.721311475409834,16.42622950819672,16.18032786885246,13.655737704918034,2023
Bosnia & Herzegovina,27.9672131147541,40.787234042553195,34.212765957446805,25.0,56.721311475409834,16.42622950819672,16.18032786885246,13.655737704918034,2023
Slovakia,19.0,40.787234042553195,34.212765957446805,25.0,56.721311475409834,16.42622950819672,16.18032786885246,13.655737704918034,2023
Czechia,19.0,40.787234042553195,34.212765957446805,25.0,56.721311475409834,16.42622950819672,16.18032786885246,13.655737704918034,2023
Jordan,27.9672131147541,40.787234042553195,34.212765957446805,25.0,56.721311475409834,16.42622950819672,16.18032786885246,13.655737704918034,2023
Liberia,27.9672131147541,40.787234042553195,34.212765957446805,25.0,56.721311475409834,16.42622950819672,16.18032786885246,13.655737704918034,2023
San Marino,27.9672131147541,40.787234042553195,34.212765957446805,25.0,56.721311475409834,16.42622950819672,16.18032786885246,13.655737704918034,2023
Tanzania,27.9672131147541,40.787234042553195,34.212765957446805,25.0,56.721311475409834,16.42622950819672,16.18032786885246,13.655737704918034,2023
Israel,18.0,40.787234042553195,34.212765957446805,25.0,56.721311475409834,16.42622950819672,16.18032786885246,13.655737704918034,2023
Portugal,18.0,46.0,30.0,24.0,56.721311475409834,16.42622950819672,16.18032786885246,13.655737704918034,2023
Bulgaria,18.0,40.787234042553195,34.212765957446805,25.0,56.721311475409834,16.42622950819672,16.18032786885246,13.655737704918034,2023
Cambodia,27.9672131147541,40.787234042553195,34.212765957446805,25.0,56.721311475409834,16.42622950819672,16.18032786885246,13.655737704918034,2023
Macao,27.9672131147541,40.787234042553195,34.212765957446805,25.0,56.721311475409834,16.42622950819672,16.18032786885246,13.655737704918034,2023
New Caledonia,27.9672131147541,40.787234042553195,34.212765957446805,25.0,56.721311475409834,16.42622950819672,16.18032786885246,13.655737704918034,2023
Madagascar,27.9672131147541,40.787234042553195,34.212765957446805,25.0,56.721311475409834,16.42622950819672,16.18032786885246,13.655737704918034,2023
Timor-Leste,27.9672131147541,40.787234042553195,34.212765957446805,25.0,56.721311475409834,16.42622950819672,16.18032786885246,13.655737704918034,2023
Egypt,18.0,40.0,47.0,13.0,56.721311475409834,16.42622950819672,16.18032786885246,13.655737704918034,2023
Hungary,18.0,45.0,32.0,23.0,56.721311475409834,16.42622950819672,16.18032786885246,13.655737704918034,2023
Romania,16.0,43.0,45.0,12.0,56.721311475409834,16.42622950819672,16.18032786885246,13.655737704918034,2023
Haiti,27.9672131147541,40.787234042553195,34.212765957446805,25.0,56.721311475409834,16.42622950819672,16.18032786885246,13.655737704918034,2023
Sierra Leone,27.9672131147541,40.787234042553195,34.212765957446805,25.0,56.721311475409834,16.42622950819672,16.18032786885246,13.655737704918034,2023
Tunisia,27.9672131147541,40.787234042553195,34.212765957446805,25.0,56.721311475409834,16.42622950819672,16.18032786885246,13.655737704918034,2023
Morocco,16.0,40.787234042553195,34.212765957446805,25.0,56.721311475409834,16.42622950819672,16.18032786885246,13.655737704918034,2023
Saudi Arabia,15.0,35.0,35.0,30.0,56.721311475409834,16.42622950819672,16.18032786885246,13.655737704918034,2023
Niger,27.9672131147541,40.787234042553195,34.212765957446805,25.0,56.721311475409834,16.42622950819672,16.18032786885246,13.655737704918034,2023
Bangladesh,15.0,36.0,40.0,24.0,56.721311475409834,16.42622950819672,16.18032786885246,13.655737704918034,2023
China,27.9672131147541,40.787234042553195,34.212765957446805,25.0,56.721311475409834,16.42622950819672,16.18032786885246,13.655737704918034,2023
Laos,27.9672131147541,40.787234042553195,34.212765957446805,25.0,56.721311475409834,16.42622950819672,16.18032786885246,13.655737704918034,2023
Palestine,27.9672131147541,40.787234042553195,34.212765957446805,25.0,56.721311475409834,16.42622950819672,16.18032786885246,13.655737704918034,2023
Cape Verde,27.9672131147541,40.787234042553195,34.212765957446805,25.0,56.721311475409834,16.42622950819672,16.18032786885246,13.655737704918034,2023
Burundi,27.9672131147541,40.787234042553195,34.212765957446805,25.0,56.721311475409834,16.42622950819672,16.18032786885246,13.655737704918034,2023
Italy,12.0,37.0,21.0,42.0,56.721311475409834,16.42622950819672,16.18032786885246,13.655737704918034,2023
Mozambique,27.9672131147541,40.787234042553195,34.212765957446805,25.0,56.721311475409834,16.42622950819672,16.18032786885246,13.655737704918034,2023
Iraq,27.9672131147541,40.787234042553195,34.212765957446805,25.0,56.721311475409834,16.42622950819672,16.18032786885246,13.655737704918034,2023
Andorra,27.9672131147541,40.787234042553195,34.212765957446805,25.0,56.721311475409834,16.42622950819672,16.18032786885246,13.655737704918034,2023
Costa Rica,27.9672131147541,40.787234042553195,34.212765957446805,25.0,56.721311475409834,16.42622950819672,16.18032786885246,13.655737704918034,2023
Indonesia,11.0,40.0,33.0,27.0,56.721311475409834,16.42622950819672,16.18032786885246,13.655737704918034,2023
Panama,27.9672131147541,40.787234042553195,34.212765957446805,25.0,56.721311475409834,16.42622950819672,16.18032786885246,13.655737704918034,2023
Guadeloupe,27.9672131147541,40.787234042553195,34.212765957446805,25.0,56.721311475409834,16.42622950819672,16.18032786885246,13.655737704918034,2023
Algeria,27.9672131147541,40.787234042553195,34.212765957446805,25.0,56.721311475409834,16.42622950819672,16.18032786885246,13.655737704918034,2023
Armenia,27.9672131147541,40.787234042553195,34.212765957446805,25.0,56.721311475409834,16.42622950819672,16.18032786885246,13.655737704918034,2023
Thailand,9.0,41.0,26.0,33.0,56.721311475409834,16.42622950819672,16.18032786885246,13.655737704918034,2023
Western Sahara,27.9672131147541,40.787234042553195,34.212765957446805,25.0,56.721311475409834,16.42622950819672,16.18032786885246,13.655737704918034,2023
French Guiana,27.9672131147541,40.787234042553195,34.212765957446805,25.0,56.721311475409834,16.42622950819672,16.18032786885246,13.655737704918034,2023
Réunion,27.9672131147541,40.787234042553195,34.212765957446805,25.0,56.721311475409834,16.42622950819672,16.18032786885246,13.655737704918034,2023
Angola,27.9672131147541,40.787234042553195,34.212765957446805,25.0,56.721311475409834,16.42622950819672,16.18032786885246,13.655737704918034,2023
Honduras,27.9672131147541,40.787234042553195,34.212765957446805,25.0,56.721311475409834,16.42622950819672,16.18032786885246,13.655737704918034,2023
Cameroon,27.9672131147541,40.787234042553195,34.212765957446805,25.0,56.721311475409834,16.42622950819672,16.18032786885246,13.655737704918034,2023
Azerbaijan,27.9672131147541,40.787234042553195,34.212765957446805,25.0,56.721311475409834,16.42622950819672,16.18032786885246,13.655737704918034,2023
Libya,27.9672131147541,40.787234042553195,34.212765957446805,25.0,56.721311475409834,16.42622950819672,16.18032786885246,13.655737704918034,2023
Sudan,27.9672131147541,40.787234042553195,34.212765957446805,25.0,56.721311475409834,16.42622950819672,16.18032786885246,13.655737704918034,2023
Moldova,27.9672131147541,40.787234042553195,34.212765957446805,25.0,56.721311475409834,16.42622950819672,16.18032786885246,13.655737704918034,2023
Vietnam,8.0,36.0,31.0,33.0,56.721311475409834,16.42622950819672,16.18032786885246,13.655737704918034,2023
South Korea,8.0,37.0,34.0,29.0,56.721311475409834,16.42622950819672,16.18032786885246,13.655737704918034,2023
Poland,8.0,40.0,40.0,20.0,56.721311475409834,16.42622950819672,16.18032786885246,13.655737704918034,2023
Dominican Republic,27.9672131147541,40.787234042553195,34.212765957446805,25.0,56.721311475409834,16.42622950819672,16.18032786885246,13.655737704918034,2023
Martinique,27.9672131147541,40.787234042553195,34.212765957446805,25.0,56.721311475409834,16.42622950819672,16.18032786885246,13.655737704918034,2023
Togo,27.9672131147541,40.787234042553195,34.212765957446805,25.0,56.721311475409834,16.42622950819672,16.18032786885246,13.655737704918034,2023
France,6.0,31.0,25.0,44.0,56.721311475409834,16.42622950819672,16.18032786885246,13.655737704918034,2023
Syria,27.9672131147541,40.787234042553195,34.212765957446805,25.0,56.721311475409834,16.42622950819672,16.18032786885246,13.655737704918034,2023
Spain,6.0,35.0,35.0,30.0,56.721311475409834,16.42622950819672,16.18032786885246,13.655737704918034,2023
Mexico,6.0,33.0,38.0,29.0,56.721311475409834,16.42622950819672,16.18032786885246,13.655737704918034,2023
Cuba,27.9672131147541,40.787234042553195,34.212765957446805,25.0,56.721311475409834,16.42622950819672,16.18032786885246,13.655737704918034,2023
El Salvador,27.9672131147541,40.787234042553195,34.212765957446805,25.0,56.721311475409834,16.42622950819672,16.18032786885246,13.655737704918034,2023
Nicaragua,27.9672131147541,40.787234042553195,34.212765957446805,25.0,56.721311475409834,16.42622950819672,16.18032786885246,13.655737704918034,2023
Senegal,27.9672131147541,40.787234042553195,34.212765957446805,25.0,56.721311475409834,16.42622950819672,16.18032786885246,13.655737704918034,2023
Guatemala,27.9672131147541,40.787234042553195,34.212765957446805,25.0,56.721311475409834,16.42622950819672,16.18032786885246,13.655737704918034,2023
Mauritania,27.9672131147541,40.787234042553195,34.212765957446805,25.0,56.721311475409834,16.42622950819672,16.18032786885246,13.655737704918034,2023
Congo - Brazzaville,27.9672131147541,40.787234042553195,34.212765957446805,25.0,56.721311475409834,16.42622950819672,16.18032786885246,13.655737704918034,2023
Mali,27.9672131147541,40.787234042553195,34.212765957446805,25.0,56.721311475409834,16.42622950819672,16.18032786885246,13.655737704918034,2023
Gabon,27.9672131147541,40.787234042553195,34.212765957446805,25.0,56.721311475409834,16.42622950819672,16.18032786885246,13.655737704918034,2023
Turkey,5.0,52.0,29.0,19.0,56.721311475409834,16.42622950819672,16.18032786885246,13.655737704918034,2023
Turkmenistan,27.9672131147541,40.787234042553195,34.212765957446805,25.0,56.721311475409834,16.42622950819672,16.18032786885246,13.655737704918034,2023
Benin,27.9672131147541,40.787234042553195,34.212765957446805,25.0,56.721311475409834,16.42622950819672,16.18032786885246,13.655737704918034,2023
Congo - Kinshasa,27.9672131147541,40.787234042553195,34.212765957446805,25.0,56.721311475409834,16.42622950819672,16.18032786885246,13.655737704918034,2023
Chile,27.9672131147541,40.787234042553195,34.212765957446805,25.0,56.721311475409834,16.42622950819672,16.18032786885246,13.655737704918034,2023
Yemen,27.9672131147541,40.787234042553195,34.212765957446805,25.0,56.721311475409834,16.42622950819672,16.18032786885246,13.655737704918034,2023
Taiwan,4.0,40.787234042553195,34.212765957446805,25.0,56.721311475409834,16.42622950819672,16.18032786885246,13.655737704918034,2023
Ecuador,27.9672131147541,40.787234042553195,34.212765957446805,25.0,56.721311475409834,16.42622950819672,16.18032786885246,13.655737704918034,2023
Paraguay,27.9672131147541,40.787234042553195,34.212765957446805,25.0,56.721311475409834,16.42622950819672,16.18032786885246,13.655737704918034,2023
Colombia,4.0,40.787234042553195,34.212765957446805,25.0,56.721311475409834,16.42622950819672,16.18032786885246,13.655737704918034,2023
Uzbekistan,27.9672131147541,40.787234042553195,34.212765957446805,25.0,56.721311475409834,16.42622950819672,16.18032786885246,13.655737704918034,2023
Côte d’Ivoire,27.9672131147541,40.787234042553195,34.212765957446805,25.0,56.721311475409834,16.42622950819672,16.18032786885246,13.655737704918034,2023
Bolivia,27.9672131147541,40.787234042553195,34.212765957446805,25.0,56.721311475409834,16.42622950819672,16.18032786885246,13.655737704918034,2023
Uruguay,27.9672131147541,40.787234042553195,34.212765957446805,25.0,56.721311475409834,16.42622950819672,16.18032786885246,13.655737704918034,2023
Iran,4.0,58.0,25.0,17.0,56.721311475409834,16.42622950819672,16.18032786885246,13.655737704918034,2023
Peru,27.9672131147541,40.787234042553195,34.212765957446805,25.0,56.721311475409834,16.42622950819672,16.18032786885246,13.655737704918034,2023
Tajikistan,27.9672131147541,40.787234042553195,34.212765957446805,25.0,56.721311475409834,16.42622950819672,16.18032786885246,13.655737704918034,2023
Guinea,27.9672131147541,40.787234042553195,34.212765957446805,25.0,56.721311475409834,16.42622950819672,16.18032786885246,13.655737704918034,2023
Venezuela,27.9672131147541,40.787234042553195,34.212765957446805,25.0,56.721311475409834,16.42622950819672,16.18032786885246,13.655737704918034,2023
Ukraine,2.0,40.787234042553195,34.212765957446805,25.0,56.721311475409834,16.42622950819672,16.18032786885246,13.655737704918034,2023
Argentina,2.0,32.0,32.0,36.0,56.721311475409834,16.42622950819672,16.18032786885246,13.655737704918034,2023
Kazakhstan,27.9672131147541,40.787234042553195,34.212765957446805,25.0,56.721311475409834,16.42622950819672,16.18032786885246,13.655737704918034,2023
Kyrgyzstan,27.9672131147541,40.787234042553195,34.212765957446805,25.0,56.721311475409834,16.42622950819672,16.18032786885246,13.655737704918034,2023
Russia,2.0,39.0,28.0,33.0,56.721311475409834,16.42622950819672,16.18032786885246,13.655737704918034,2023
Belarus,27.9672131147541,40.787234042553195,34.212765957446805,25.0,56.721311475409834,16.42622950819672,16.18032786885246,13.655737704918034,2023
Burkina Faso,27.9672131147541,40.787234042553195,34.212765957446805,25.0,56.721311475409834,16.42622950819672,16.18032786885246,13.655737704918034,2023
Brazil,2.0,41.0,30.0,29.0,56.721311475409834,16.42622950819672,16.18032786885246,13.655737704918034,2023
Japan,1.0,34.0,37.0,29.0,56.721311475409834,16.42622950819672,16.18032786885246,13.655737704918034,2023
Nauru,27.9672131147541,40.787234042553195,34.212765957446805,25.0,56.721311475409834,16.42622950819672,16.18032786885246,13.655737704918034,2023
Marshall Islands,27.9672131147541,40.787234042553195,34.212765957446805,25.0,56.721311475409834,16.42622950819672,16.18032786885246,13.655737704918034,2023
Kiribati,27.9672131147541,40.787234042553195,34.212765957446805,25.0,56.721311475409834,16.42622950819672,16.18032786885246,13.655737704918034,2023
Micronesia,27.9672131147541,40.787234042553195,34.212765957446805,25.0,56.721311475409834,16.42622950819672,16.18032786885246,13.655737704918034,2023
Montserrat,27.9672131147541,40.787234042553195,34.212765957446805,25.0,56.721311475409834,16.42622950819672,16.18032786885246,13.655737704918034,2023
Svalbard & Jan Mayen,27.9672131147541,40.787234042553195,34.212765957446805,25.0,56.721311475409834,16.42622950819672,16.18032786885246,13.655737704918034,2023
Equatorial Guinea,27.9672131147541,40.787234042553195,34.212765957446805,25.0,56.721311475409834,16.42622950819672,16.18032786885246,13.655737704918034,2023
Comoros,27.9672131147541,40.787234042553195,34.212765957446805,25.0,56.721311475409834,16.42622950819672,16.18032786885246,13.655737704918034,2023
St. Pierre & Miquelon,27.9672131147541,40.787234042553195,34.212765957446805,25.0,56.721311475409834,16.42622950819672,16.18032786885246,13.655737704918034,2023
Central African Republic,27.9672131147541,40.787234042553195,34.212765957446805,25.0,56.721311475409834,16.42622950819672,16.18032786885246,13.655737704918034,2023
São Tomé & Príncipe,27.9672131147541,40.787234042553195,34.212765957446805,25.0,56.721311475409834,16.42622950819672,16.18032786885246,13.655737704918034,2023
St. Barthélemy,27.9672131147541,40.787234042553195,34.212765957446805,25.0,56.721311475409834,16.42622950819672,16.18032786885246,13.655737704918034,2023
Mayotte,27.9672131147541,40.787234042553195,34.212765957446805,25.0,56.721311475409834,16.42622950819672,16.18032786885246,13.655737704918034,2023
Chad,27.9672131147541,40.787234042553195,34.212765957446805,25.0,56.721311475409834,16.42622950819672,16.18032786885246,13.655737704918034,2023
Guinea-Bissau,27.9672131147541,40.787234042553195,34.212765957446805,25.0,56.721311475409834,16.42622950819672,16.18032786885246,13.655737704918034,2023
Antarctica,27.9672131147541,40.787234042553195,34.212765957446805,25.0,56.721311475409834,16.42622950819672,16.18032786885246,13.655737704918034,2023
French Southern Territories,27.9672131147541,40.787234042553195,34.212765957446805,25.0,56.721311475409834,16.42622950819672,16.18032786885246,13.655737704918034,2023
Bouvet Island,27.9672131147541,40.787234042553195,34.212765957446805,25.0,56.721311475409834,16.42622950819672,16.18032786885246,13.655737704918034,2023
Cocos (Keeling) Islands,27.9672131147541,40.787234042553195,34.212765957446805,25.0,56.721311475409834,16.42622950819672,16.18032786885246,13.655737704918034,2023
Christmas Island,27.9672131147541,40.787234042553195,34.212765957446805,25.0,56.721311475409834,16.42622950819672,16.18032786885246,13.655737704918034,2023
Eritrea,27.9672131147541,40.787234042553195,34.212765957446805,25.0,56.721311475409834,16.42622950819672,16.18032786885246,13.655737704918034,2023
Heard & McDonald Islands,27.9672131147541,40.787234042553195,34.212765957446805,25.0,56.721311475409834,16.42622950819672,16.18032786885246,13.655737704918034,2023
British Indian Ocean Territory,27.9672131147541,40.787234042553195,34.212765957446805,25.0,56.721311475409834,16.42622950819672,16.18032786885246,13.655737704918034,2023
Norfolk Island,27.9672131147541,40.787234042553195,34.212765957446805,25.0,56.721311475409834,16.42622950819672,16.18032786885246,13.655737704918034,2023
Niue,27.9672131147541,40.787234042553195,34.212765957446805,25.0,56.721311475409834,16.42622950819672,16.18032786885246,13.655737704918034,2023
Pitcairn Islands,27.9672131147541,40.787234042553195,34.212765957446805,25.0,56.721311475409834,16.42622950819672,16.18032786885246,13.655737704918034,2023
North Korea,27.9672131147541,40.787234042553195,34.212765957446805,25.0,56.721311475409834,16.42622950819672,16.18032786885246,13.655737704918034,2023
South Georgia & South Sandwich Islands,27.9672131147541,40.787234042553195,34.212765957446805,25.0,56.721311475409834,16.42622950819672,16.18032786885246,13.655737704918034,2023
Tokelau,27.9672131147541,40.787234042553195,34.212765957446805,25.0,56.721311475409834,16.42622950819672,16.18032786885246,13.655737704918034,2023
Tuvalu,27.9672131147541,40.787234042553195,34.212765957446805,25.0,56.721311475409834,16.42622950819672,16.18032786885246,13.655737704918034,2023
U.S. Outlying Islands,27.9672131147541,40.787234042553195,34.212765957446805,25.0,56.721311475409834,16.42622950819672,16.18032786885246,13.655737704918034,2023
Vatican City,27.9672131147541,40.787234042553195,34.212765957446805,25.0,56.721311475409834,16.42622950819672,16.18032786885246,13.655737704918034,2023
Wallis & Futuna,27.9672131147541,40.787234042553195,34.212765957446805,25.0,56.721311475409834,16.42622950819672,16.18032786885246,13.655737704918034,2023
