Series Name,Series Code,Country Name,Country Code,1990 [YR1990],2000 [YR2000],2014 [YR2014],2015 [YR2015],2016 [YR2016],2017 [YR2017],2018 [YR2018],2019 [YR2019],2020 [YR2020],2021 [YR2021],2022 [YR2022],2023 [YR2023]
GDP per capita growth (annual %),NY.GDP.PCAP.KD.ZG,Afghanistan,AFG,..,..,-0.964803330930579,-1.66641641465459,-0.345802495526272,-0.253593781046973,-1.68857659163658,0.932833385632875,-5.36466592959428,-22.9669419945958,-8.58665190075376,..
GDP per capita growth (annual %),NY.GDP.PCAP.KD.ZG,Albania,ALB,-11.187905298961,7.63002243937019,1.98538809180384,2.51682705417127,3.48029321671386,3.89811226746693,4.27631155105293,2.52354084280566,-2.74523867757104,9.92271370805365,6.13901678987099,4.63391022678763
GDP per capita growth (annual %),NY.GDP.PCAP.KD.ZG,Algeria,DZA,-1.68292794980547,2.35458027055351,2.06006244899419,1.15655765825558,1.84933171786335,-0.467047148195618,-0.511721134650301,-0.939034027379321,-6.63165918655454,2.09348761143818,1.92670099770524,2.49477097334206
GDP per capita growth (annual %),NY.GDP.PCAP.KD.ZG,American Samoa,ASM,..,..,3.27902164193507,4.85444230115995,0.113644342114497,-5.13533988577697,4.87406112450759,1.83171396600592,6.97068820816773,1.75992833256275,3.48601710593883,..
GDP per capita growth (annual %),NY.GDP.PCAP.KD.ZG,Andorra,AND,0.0423206245897916,2.8360535398907,2.14093898224779,1.25741601269149,2.57450458774666,-1.41657902035861,-0.00387029555736262,0.238296569502523,-12.7350775611172,6.45944053180018,8.47946950517637,1.10978626087415
GDP per capita growth (annual %),NY.GDP.PCAP.KD.ZG,Angola,AGO,-6.62640931330293,-0.234945632722756,1.03072911796671,-2.64297533030704,-6.01189077751143,-3.63069503801748,-4.67666958432599,-4.01711416103254,-8.67243212911843,-1.95459800636894,-0.096754729759283,-2.15507737793473
GDP per capita growth (annual %),NY.GDP.PCAP.KD.ZG,Antigua and Barbuda,ATG,3.51232102590848,4.45737071579909,1.36499745689306,0.64998030083656,3.38365147656022,1.83923575708408,6.36137519410356,2.55090143294055,-19.3592520649756,7.54757506029713,8.88099661380551,3.27275073403651
GDP per capita growth (annual %),NY.GDP.PCAP.KD.ZG,Argentina,ARG,-3.87738988305726,-1.90698749835167,-3.57858050983289,1.62966427946263,-3.11006389821465,1.75764818265694,-3.60160975657155,-2.96956249866219,-10.7702732277494,9.67392093465429,3.98913108450517,-2.4362511141417
GDP per capita growth (annual %),NY.GDP.PCAP.KD.ZG,Armenia,ARM,..,7.15357818453764,4.01064593319273,3.60636907832207,0.646135942752821,8.02439704883481,5.76988214903176,8.20864949959488,-6.70404931756727,6.35474440171846,13.0254185172993,8.7977841013402
GDP per capita growth (annual %),NY.GDP.PCAP.KD.ZG,Aruba,ABW,2.19580450971051,4.92452663879122,-2.26486910646535,-1.25558861016762,1.12118295791952,6.47490862325166,1.87640143749557,-2.74340147976172,-24.0845698973944,27.6968645871847,10.5537860480283,..
GDP per capita growth (annual %),NY.GDP.PCAP.KD.ZG,Australia,AUS,2.05739235459797,2.73894429537623,1.08830078150544,0.741438843604087,1.18626585064179,0.647495218504773,1.37834535331957,0.682490945150491,-1.55643630102695,1.96806164574946,2.95032558403243,0.603284935712949
GDP per capita growth (annual %),NY.GDP.PCAP.KD.ZG,Austria,AUT,3.55354764697123,3.12743665014771,-0.122370667337563,-0.111540189504495,0.892469139632297,1.55072408627153,1.92771305987296,1.00040695317784,-7.01982595202976,3.78471969654039,3.80895606240934,-1.81192822738132
GDP per capita growth (annual %),NY.GDP.PCAP.KD.ZG,Azerbaijan,AZE,..,10.1910292674816,1.47593694077869,-0.103121364891479,-4.17717168005237,-0.778416126232784,0.624486167739661,1.63585048130741,-4.95270173869491,5.15150006870661,4.67343995240384,1.41597977718548
GDP per capita growth (annual %),NY.GDP.PCAP.KD.ZG,"Bahamas, The",BHS,-3.481588741184,2.62887921278872,0.936178675796384,0.0796279953732721,-1.78202388767504,2.01529294955958,1.89292683342124,-2.00365592785317,-21.7934660714554,14.9971644298507,10.2205156211474,1.9826105845099
GDP per capita growth (annual %),NY.GDP.PCAP.KD.ZG,Bahrain,BHR,0.992712756857642,2.44215746058789,0.413894139030546,-0.988855299909062,-0.0145263193139442,0.450232188384874,0.191457633488383,1.69872414350014,-3.56559860535015,3.58625900189891,4.25256127957547,1.56558806479543
GDP per capita growth (annual %),NY.GDP.PCAP.KD.ZG,Bangladesh,BGD,3.40036959603947,3.30590093463195,4.74777922650441,5.29106080768767,5.80321039708029,5.26645511283064,6.08023776882422,6.68766272688883,2.27110129405703,5.71664908722495,5.95484484128914,4.69387430866139
GDP per capita growth (annual %),NY.GDP.PCAP.KD.ZG,Barbados,BRB,-3.34830700078626,4.25499451277366,-0.284468002996604,2.20661577050399,2.34436999364772,0.321058802020829,-0.924143740513955,0.203625234723731,-12.6995106244823,-1.36136255059856,13.3055844384939,4.38306198734075
GDP per capita growth (annual %),NY.GDP.PCAP.KD.ZG,Belarus,BLR,..,6.29963636837101,1.66910516205074,-3.95734364341466,-2.61129931788116,2.64424708758548,3.37043437009008,1.65111819575279,-0.251386576093068,3.29082150587152,-3.88838783901167,4.44960693510662
GDP per capita growth (annual %),NY.GDP.PCAP.KD.ZG,Belgium,BEL,2.83026797508926,3.46545257130404,1.12859572471172,1.45189336758756,0.755268919102846,1.22886623616918,1.33065222724522,1.68975368856101,-5.71172980752377,6.48877041272659,2.13654407577337,0.192342045122217
GDP per capita growth (annual %),NY.GDP.PCAP.KD.ZG,Belize,BLZ,7.13993144232515,8.6582482335148,1.74801016066435,1.06386485260275,-2.03687581383895,-3.74726133858346,-0.894543697019373,2.35320727344789,-15.0043485709663,16.3568717503731,7.32815328663918,3.12857388937533
GDP per capita growth (annual %),NY.GDP.PCAP.KD.ZG,Benin,BEN,5.71244559420417,2.68964737900177,3.29050499914023,-1.18168483600668,0.335852248057719,2.60355652692061,3.62426254503761,3.82450687770586,0.951937860885238,4.23870895916781,3.42067945548739,3.56104247520248
GDP per capita growth (annual %),NY.GDP.PCAP.KD.ZG,Bermuda,BMU,-0.798461538372536,8.34832420616188,-3.90360610786885,0.622598426821042,0.39386919987983,4.71610220533942,-0.50289929998705,0.317253010947766,-6.81662532256972,5.63236664329429,6.71396852177733,..
GDP per capita growth (annual %),NY.GDP.PCAP.KD.ZG,Bhutan,BTN,7.56978561321866,0.500693028862315,4.6456940695835,5.57671506823725,7.46266235738329,2.63692880370736,2.69039445244988,5.01613201585434,-10.8049660018348,3.75252137859019,4.5457045450386,..
GDP per capita growth (annual %),NY.GDP.PCAP.KD.ZG,Bolivia,BOL,2.46741157451369,0.675361125043224,3.78318705934984,3.22053882341802,2.66307421352539,2.62330333561857,2.68479733919096,0.73769715524476,-9.95240484455535,4.85247488925489,2.3797982635037,1.08351233659678
GDP per capita growth (annual %),NY.GDP.PCAP.KD.ZG,Bosnia and Herzegovina,BIH,..,4.75005202728984,2.47075227986109,5.69830351451964,4.5276131121432,4.47338640670523,5.04583814593265,4.09411575032696,-1.77870388670868,8.94827661601434,5.43287973828188,2.3943875772483
GDP per capita growth (annual %),NY.GDP.PCAP.KD.ZG,Botswana,BWA,3.6047556044134,-0.104457890944872,3.67952261203213,-6.70030234174305,5.05137315273221,1.97194438915353,2.08134612425246,1.04167163959789,-10.4026309073442,10.103693502394,3.8067432389778,1.00081239471177
GDP per capita growth (annual %),NY.GDP.PCAP.KD.ZG,Brazil,BRA,-6.06555566873385,2.97091078107165,-0.354514802264433,-4.35831717939337,-4.05742300240568,0.523296588574212,0.978938492697395,0.448280407148658,-3.91800417154039,4.21030025353157,2.54433285377806,2.38117772428899
GDP per capita growth (annual %),NY.GDP.PCAP.KD.ZG,British Virgin Islands,VGB,..,..,..,..,..,..,..,..,..,..,..,..
GDP per capita growth (annual %),NY.GDP.PCAP.KD.ZG,Brunei Darussalam,BRN,-2.03942377394556,0.730069450995472,-3.66751893243057,-1.52238423188406,-3.5211439819828,0.320205438773229,-0.868860056866723,2.9742261522544,0.291718917001631,-2.39682156288096,-2.42340770254603,0.617815738109002
GDP per capita growth (annual %),NY.GDP.PCAP.KD.ZG,Bulgaria,BGR,-7.4632076536532,5.10505714438303,1.52486811076595,4.05941140790065,3.75177878457853,3.4991755485791,3.43913006319094,4.77008195264021,-3.38798766592316,8.54260999187817,10.5597165401613,2.39640761052202
GDP per capita growth (annual %),NY.GDP.PCAP.KD.ZG,Burkina Faso,BFA,-3.17322794415276,-1.10685082808791,1.26399638537625,0.877785604827011,2.89349832690679,3.20325683612816,3.69351332759673,3.06445360445527,-0.695533986809409,4.14209565975429,-0.794519873177506,0.401957857613183
GDP per capita growth (annual %),NY.GDP.PCAP.KD.ZG,Burundi,BDI,1.42189606962945,-2.86056587976486,0.810602801312328,-5.9804956121318,-2.20613382981416,-1.77264648641454,-1.37713962186088,-1.45719303288658,-2.50846116846569,0.381166639765468,-0.82462869206708,-0.00728456203287919
GDP per capita growth (annual %),NY.GDP.PCAP.KD.ZG,Cabo Verde,CPV,-1.07909646125543,12.1340983963202,-0.434814396432671,-0.177226393370418,3.11762874056225,3.33731043975473,2.57258287315263,5.86765383506491,-21.5678092154403,6.07137981777093,16.404766389666,4.17734989864576
GDP per capita growth (annual %),NY.GDP.PCAP.KD.ZG,Cambodia,KHM,-2.69626602142804,7.99830381669484,5.65537684850707,5.53168468410459,5.51620623139529,5.60387545950492,6.16447598598624,5.84861969425387,-4.21365375538406,1.8329580171935,4.11749069468274,4.29912628192439
GDP per capita growth (annual %),NY.GDP.PCAP.KD.ZG,Cameroon,CMR,-8.90923918259573,1.13112675064183,2.55890268630796,2.39279741345202,1.4542326740103,0.648212633716412,1.12179521442972,0.643223203710647,-2.42243441822372,0.650616044527055,0.926268102301123,1.33338655145477
GDP per capita growth (annual %),NY.GDP.PCAP.KD.ZG,Canada,CAN,-1.2964413233353,4.16394850028571,1.8484095174269,-0.112369172949158,-0.0982963525159875,1.80946446279282,1.28092657904244,0.42965758108582,-6.06240642959015,4.70538205187351,1.95567065895641,-1.85450959009675
GDP per capita growth (annual %),NY.GDP.PCAP.KD.ZG,Cayman Islands,CYM,..,..,0.33287094920928,0.550605614944004,1.01116428932517,1.03211439131128,2.17337122661354,1.95152494483449,-6.61676735501669,3.63472631807524,4.28393001210145,..
GDP per capita growth (annual %),NY.GDP.PCAP.KD.ZG,Central African Republic,CAF,-5.11220033298814,-5.18220026360443,0.158111558752452,3.89115882835796,2.93809923935532,2.59092350135077,1.79222030531334,0.833009810869896,-1.62477557942373,-1.12909380998966,-1.69540495573479,-1.9960315377229
GDP per capita growth (annual %),NY.GDP.PCAP.KD.ZG,Chad,TCD,-6.75116852538437,-4.20701536982699,3.15098859041785,-0.453003769060317,-9.16122585564682,-6.16090513543264,-1.02652688805676,-0.0989585609599004,-4.66133902000324,-4.24713459541637,-0.348673770746828,0.959367777401823
GDP per capita growth (annual %),NY.GDP.PCAP.KD.ZG,Channel Islands,CHI,..,..,..,..,..,1.64686802906932,0.819136775738912,1.06106953587401,-9.37857241404085,14.4055151447055,6.94065155065996,..
GDP per capita growth (annual %),NY.GDP.PCAP.KD.ZG,Chile,CHL,1.6743185217414,3.77235697746502,0.772927820327766,1.10575838093806,0.550297851444384,-0.213266442244986,2.13907818098535,-1.15233722364255,-7.41187882968487,10.2323992648849,1.48321236604264,0.0867678733738302
GDP per capita growth (annual %),NY.GDP.PCAP.KD.ZG,China,CHN,2.40655857199592,7.63859767625573,6.75076031581014,6.42073647731185,6.23821544767785,6.30186310056631,6.25170055571749,5.57531686294317,1.99555804192106,8.35171995394172,3.00257602626677,5.30924853429752
GDP per capita growth (annual %),NY.GDP.PCAP.KD.ZG,Colombia,COL,2.11239850086568,1.27108262650222,3.51395347912819,1.9906164936335,1.0022727252119,-0.161953874918439,0.638439615993107,1.31495237842461,-8.54039537725433,9.54105155997694,6.54956011610601,0.204317447798601
GDP per capita growth (annual %),NY.GDP.PCAP.KD.ZG,Comoros,COM,2.27942015842201,8.71768983840167,-0.0678947856451515,-1.01406895756402,1.10293207341641,1.7123618329055,1.68672159754276,-0.126909212225328,-2.07486139638723,0.190939004401898,0.534046630795132,0.856855180780073
GDP per capita growth (annual %),NY.GDP.PCAP.KD.ZG,"Congo, Dem. Rep.",COD,-9.58421338945476,-9.57069432425411,5.76218155439751,3.35308434739035,-1.08899602387746,0.216643094607846,2.41383997494529,1.11096627392817,-1.49268942736806,2.83237932472882,5.49632833527404,5.10794903976795
GDP per capita growth (annual %),NY.GDP.PCAP.KD.ZG,"Congo, Rep.",COG,-1.8053791988368,3.54720581589751,4.12714178140547,-1.95471435702925,-10.8407814261216,-7.82530986365421,-4.61555476271676,-1.22941640260854,-8.42840252121067,-1.29803406175023,-0.812657163040171,-0.370027887719743
GDP per capita growth (annual %),NY.GDP.PCAP.KD.ZG,Costa Rica,CRI,0.954542164963982,1.83887356626438,2.41456400701435,2.57317861070491,3.15151339047799,3.14326598585389,1.66130830846163,1.53529056591222,-4.99410158295288,7.28965011679902,4.00920256542521,4.47981923743382
GDP per capita growth (annual %),NY.GDP.PCAP.KD.ZG,Cote d'Ivoire,CIV,-4.81271509640771,-2.959710897695,6.86886132567159,4.46388996163833,4.44236105899517,4.66846126110498,2.1866084962458,4.05385073540685,-1.79502043398364,4.46660908373198,3.64433169021896,3.90697480327145
GDP per capita growth (annual %),NY.GDP.PCAP.KD.ZG,Croatia,HRV,..,3.97689680684248,0.0650966653784906,3.39772799785587,4.37559995928669,4.61329138147725,3.90764287231096,4.01755825514675,-8.1232796775468,17.9573644892955,7.67511179137763,3.12616029092764
GDP per capita growth (annual %),NY.GDP.PCAP.KD.ZG,Cuba,CUB,-3.85721547633094,5.57432148646832,0.954420824338413,4.36587075905668,0.494073392258642,1.8601470216456,2.32160916364217,-0.0612185571724808,-10.8230104813757,1.65241614088968,2.17589201000369,..
GDP per capita growth (annual %),NY.GDP.PCAP.KD.ZG,Curacao,CUW,..,..,-1.96746652701209,-0.858779914555939,-2.11116210733545,-1.59116272960222,-1.58863051943423,-2.04109664387006,-16.7192189319402,5.96300691085459,9.60702352062721,..
GDP per capita growth (annual %),NY.GDP.PCAP.KD.ZG,Cyprus,CYP,5.13997141615243,4.84415598419497,-0.688984537939561,4.00942677175865,6.08587206849762,4.75451950432084,4.36675979538586,4.11517686130264,-4.53190495516537,8.89198392527508,3.63690349828248,0.694447455269341
GDP per capita growth (annual %),NY.GDP.PCAP.KD.ZG,Czechia,CZE,..,4.29307146515178,2.15450047888164,5.18140265379816,2.34055226080498,4.88972204225595,2.87546852691743,2.62495626738699,-5.73252689432169,5.4463696180117,0.75566135591751,-2.15945531157405
GDP per capita growth (annual %),NY.GDP.PCAP.KD.ZG,Denmark,DNK,1.31052516322782,3.40068454610739,1.10543346611018,1.62216625804921,2.44336887407064,2.16235511316154,1.4850851572351,1.13065749415978,-2.70866841979111,6.38244434165682,1.92534106676851,1.13721113330374
GDP per capita growth (annual %),NY.GDP.PCAP.KD.ZG,Djibouti,DJI,..,..,5.18526260113907,5.69115554959427,5.34352222970122,3.73748206795388,3.09308757962641,3.89452918731618,-0.185692485036796,3.06629556853677,2.31338370868816,5.21174712275938
GDP per capita growth (annual %),NY.GDP.PCAP.KD.ZG,Dominica,DMA,6.16749039391011,2.86729855284918,3.92023812114483,-3.61516846835069,2.66392728155824,-7.05404668684338,2.93351857168791,4.60887025308973,-17.2608977709225,6.27499731063348,5.1117828886309,4.27784869777648
GDP per capita growth (annual %),NY.GDP.PCAP.KD.ZG,Dominican Republic,DOM,-7.42998327819636,3.07584227693847,5.74838146329969,5.65574224309763,5.42560152292837,3.49047723780494,5.80704982687432,3.92893172690793,-7.71905867915002,11.0782763208364,3.82225610535107,1.41991271148738
GDP per capita growth (annual %),NY.GDP.PCAP.KD.ZG,Ecuador,ECU,1.30216416418993,-0.625240912654746,2.691182658294,-1.35100558389034,-2.16005084962444,4.33701991894264,-0.848409380100335,-1.72928951545876,-10.5085169022973,8.52793663136605,4.98711050826812,1.28901889314781
GDP per capita growth (annual %),NY.GDP.PCAP.KD.ZG,"Egypt, Arab Rep.",EGY,2.99133208157623,4.18886598005031,0.531824070201182,2.09553830608706,2.19220862717893,2.12874338059446,3.34981502222627,3.67537083022347,1.7709687318852,1.59181628823583,4.92845618453779,2.16971504634562
GDP per capita growth (annual %),NY.GDP.PCAP.KD.ZG,El Salvador,SLV,2.95089341881634,0.540163417461017,1.33811313449822,2.04601635573663,2.22008531516545,1.98421127831776,2.25436301028891,2.37426593989549,-8.07626916563888,11.5248556155141,2.43898103574529,3.0466615323586
GDP per capita growth (annual %),NY.GDP.PCAP.KD.ZG,Equatorial Guinea,GNQ,-5.3731729785259,13.0453344731756,-3.55770729674903,-12.6046850421249,-12.2028354363772,-9.0336974373561,-9.44484525853233,-8.58205700032325,-7.3572284174536,-1.51038137005381,1.21170414780588,-7.87858351662859
GDP per capita growth (annual %),NY.GDP.PCAP.KD.ZG,Eritrea,ERI,..,-4.61549158904921,..,..,..,..,..,..,..,..,..,..
GDP per capita growth (annual %),NY.GDP.PCAP.KD.ZG,Estonia,EST,..,9.55641846932483,3.28187481366284,1.78627469426176,3.12553830458751,5.66403908236126,3.42361905839128,3.64786387348042,-1.16086940794079,7.13570556057577,-1.78254144559237,-4.23723542128097
GDP per capita growth (annual %),NY.GDP.PCAP.KD.ZG,Eswatini,SWZ,17.0418877260662,0.562746630940353,0.246802469436361,1.49985760265459,0.302953769282354,1.2409471862878,1.5827075461722,1.88572411932168,-2.48029970534307,9.60533016098344,-0.310113436745482,4.04987000471557
GDP per capita growth (annual %),NY.GDP.PCAP.KD.ZG,Ethiopia,ETH,-0.882676687132843,2.98069409750323,7.31454492337771,7.45669509715687,6.50121149670628,6.62278907050467,3.99844025588089,5.52381056763929,3.28084798420211,2.92580454535896,2.67756191274128,3.84918260425373
GDP per capita growth (annual %),NY.GDP.PCAP.KD.ZG,Faroe Islands,FRO,..,..,5.33045567549763,0.250331564896427,0.0677860588287729,2.00991729188169,1.26986291372808,2.92366083623081,-3.30021424193171,4.80775172322258,4.99943924088213,..
GDP per capita growth (annual %),NY.GDP.PCAP.KD.ZG,Fiji,FJI,4.75261753344111,-2.77296232923001,5.36048652723049,4.3143469773691,2.31502500392521,5.27907993633569,3.81494936623174,-0.523026254109681,-17.2162605505716,-5.31187538268118,19.3509150932167,7.26395070479431
GDP per capita growth (annual %),NY.GDP.PCAP.KD.ZG,Finland,FIN,0.224909953309819,5.55399785284234,-0.776108383146138,0.213029419665261,2.5163798952421,2.95053137282473,1.00565417029748,1.11326909206437,-2.49512296758466,2.62522857501395,1.06026541621638,-1.53439326996747
GDP per capita growth (annual %),NY.GDP.PCAP.KD.ZG,France,FRA,2.43024696521512,3.21238484755931,0.484564448270447,0.754024352327519,0.829056664516742,1.99499844733441,1.50053912327405,1.49589898756051,-7.7910085087493,6.13176131597774,2.14273164932905,0.409870599065499
GDP per capita growth (annual %),NY.GDP.PCAP.KD.ZG,French Polynesia,PYF,-2.01322615570059,1.55597281942515,-0.0453209640432988,0.998225295592704,1.75795355431632,3.70010426122671,1.09430838063112,1.97658693500679,-7.72920563707365,1.38557350980042,3.6996646513398,..
GDP per capita growth (annual %),NY.GDP.PCAP.KD.ZG,Gabon,GAB,2.35448195283419,-4.36268695523565,0.887273108026633,0.721232639266972,-0.731650626043063,-2.06281675404621,-1.54487218362715,1.56821091959847,-3.96955863426069,-0.638652872887107,0.906957584549687,0.266540430928643
GDP per capita growth (annual %),NY.GDP.PCAP.KD.ZG,"Gambia, The",GMB,-0.50976960963574,2.48810279380524,-4.29667510195249,1.09705048941071,-0.875473406735992,2.00630767513326,4.43949429425278,3.51379371760613,-1.95308366905797,2.62763565003918,2.35589578935888,2.74535280067363
GDP per capita growth (annual %),NY.GDP.PCAP.KD.ZG,Georgia,GEO,-14.7657166211898,3.84018024327052,4.04162752314514,3.18839294862944,3.38835328316745,5.14582677562736,6.10344745087359,5.56167165873158,-6.35478715206467,11.0650780067831,10.8422088053808,6.10651322007658
GDP per capita growth (annual %),NY.GDP.PCAP.KD.ZG,Germany,DEU,4.35163905422439,2.77322125091402,1.7843418861469,0.617105353219898,1.40810207548923,2.29720604740949,0.678212594110718,0.847783197111852,-3.90530358342936,3.12016297281919,1.07495188724516,-1.11243585596384
GDP per capita growth (annual %),NY.GDP.PCAP.KD.ZG,Ghana,GHA,0.689672245346642,1.12293234445129,0.40940094711712,-0.265332917264004,0.983231574681142,5.73907811296539,3.96954738010722,4.30597775008748,-1.5416365263868,2.98783641242667,1.82389128548645,0.995480410956318
GDP per capita growth (annual %),NY.GDP.PCAP.KD.ZG,Gibraltar,GIB,..,..,..,..,..,..,..,..,..,..,..,..
GDP per capita growth (annual %),NY.GDP.PCAP.KD.ZG,Greece,GRC,-1.05223289834684,3.49556337411252,1.14721195681824,0.463652786270188,-0.0724245841387301,1.29229029026882,1.87490316346144,1.98686576653837,-9.1216270466723,9.70676969266229,6.99774473198337,2.65761817842774
GDP per capita growth (annual %),NY.GDP.PCAP.KD.ZG,Greenland,GRL,-12.1958664392799,6.91102464537168,5.09192733313645,-2.2149188822392,4.54780858066064,0.0776647739674274,0.89068474112419,2.46273159433217,-0.0647842810666504,0.778869513715492,..,..
GDP per capita growth (annual %),NY.GDP.PCAP.KD.ZG,Grenada,GRD,4.19848559719249,4.29337358587702,6.40766187355115,5.54341792813746,2.88696863002274,3.61384842471548,3.57597575337994,-0.0503174827996276,-14.4114869434991,3.89188357961443,6.61233029942913,4.19047993799965
GDP per capita growth (annual %),NY.GDP.PCAP.KD.ZG,Guam,GUM,..,..,1.49595325425531,0.564587367873969,-0.0370116024855349,0.734521661801594,-0.870563254029548,2.55643410066686,-10.8398117152108,1.27838677826735,4.34117067824317,..
GDP per capita growth (annual %),NY.GDP.PCAP.KD.ZG,Guatemala,GTM,0.32144959608857,1.11752913241804,2.65391190936224,2.34629514622338,0.989365749396498,1.41564884120322,1.76513639905617,2.40741472209567,-3.27332196778804,6.41540555186262,2.62958319708591,2.04680754988371
GDP per capita growth (annual %),NY.GDP.PCAP.KD.ZG,Guinea,GIN,0.745224866297846,0.510408915766945,1.15353950301376,1.21255318822197,7.98776380538011,7.50840564635335,3.69780652586307,2.97045089645664,2.31724101111628,1.39114155141465,2.22640154376307,4.5626652448756
GDP per capita growth (annual %),NY.GDP.PCAP.KD.ZG,Guinea-Bissau,GNB,4.43126029038996,-0.901851502335589,-1.67387050683585,3.42811115478085,2.6871797591976,2.26523846204149,1.32885094189365,2.08696581570172,-0.784498727073895,4.08201969053077,1.98070640858421,2.05381834819494
GDP per capita growth (annual %),NY.GDP.PCAP.KD.ZG,Guyana,GUY,-2.31744468211397,-1.49855866264538,1.18626266545785,0.165185136879359,3.25278592612473,3.1684214177762,1.48098651471342,3.60666036626233,43.7587992099722,18.9089817486352,62.5993492898276,32.182007277688
GDP per capita growth (annual %),NY.GDP.PCAP.KD.ZG,Haiti,HTI,-1.02149742352819,-0.955253581437972,1.39145794461672,-0.0495906816560421,0.386161159380748,1.09773286156684,0.293353843250884,-3.02650931532729,-4.55718543669329,-3.00580329140145,-2.84828130642339,-3.03373219833837
GDP per capita growth (annual %),NY.GDP.PCAP.KD.ZG,Honduras,HND,-0.0471084830697635,4.40041232348534,1.17043067945457,1.97813209013502,2.06683934614527,3.03458083540451,2.08461858788954,0.850322382729289,-10.4305071089027,10.8504463017043,2.60115243083914,2.00900584181021
GDP per capita growth (annual %),NY.GDP.PCAP.KD.ZG,"Hong Kong SAR, China",HKG,3.49743133275864,6.71845775096433,2.04313026514885,1.52001442705792,1.54452735157624,3.00146067617099,2.02718332380807,-2.3966656291792,-6.20873463836189,7.42946166942563,-2.802274606412,0.612799102450083
GDP per capita growth (annual %),NY.GDP.PCAP.KD.ZG,Hungary,HUN,-2.49449922845238,4.75094782312509,4.51336776781454,3.95428261265434,2.50305336152638,4.54956329828929,5.49601879186557,4.91169352525995,-4.28140735132469,7.50510516201774,5.30835156196619,-0.358217423964163
GDP per capita growth (annual %),NY.GDP.PCAP.KD.ZG,Iceland,ISL,0.385665622495097,3.55739104440454,0.562209388696971,3.35414533328364,4.83829921427557,1.7794101347671,2.11737323957688,-0.354233392746096,-8.43869801113058,3.43904675772384,6.17839326202336,0.99767125444788
GDP per capita growth (annual %),NY.GDP.PCAP.KD.ZG,India,IND,3.2978540660614,1.96595243714461,6.08618022720231,6.72106763062213,6.98098970132099,5.56833351357884,5.30240867857299,2.81187310225657,-6.6734705465819,8.81860584308893,6.2615994901934,6.72138141442038
GDP per capita growth (annual %),NY.GDP.PCAP.KD.ZG,Indonesia,IDN,5.33442787463557,3.41271420371963,3.79614076779593,3.71774546908827,3.92669809073649,4.0176256075747,4.16298429125608,4.03913565656795,-2.88509409342301,2.9849400734317,4.6392086044409,4.27868685362591
GDP per capita growth (annual %),NY.GDP.PCAP.KD.ZG,"Iran, Islamic Rep.",IRN,9.21981504385518,4.11820328520702,3.01176428733751,-3.62941716371441,6.83567535277678,1.30070500404484,-3.11349170944678,-4.13057879491164,2.47089226742992,3.96556869056239,3.04165850339986,4.21986649079942
GDP per capita growth (annual %),NY.GDP.PCAP.KD.ZG,Iraq,IRQ,55.8892445741362,13.0852229221323,-3.2514207204341,1.91791208865786,11.0230161898181,-4.10746396999446,0.182367803474691,3.04417477296685,-14.0902346467683,-0.774861848749637,5.311371461555,-5.08662725942806
GDP per capita growth (annual %),NY.GDP.PCAP.KD.ZG,Ireland,IRL,8.3750065426123,7.95480648396467,8.03635788585953,23.3046934445227,0.623252100614778,8.12766876172294,7.13477339709543,3.86745063863189,5.52561234818658,14.0322863534396,7.42658177833613,-5.68600291848209
GDP per capita growth (annual %),NY.GDP.PCAP.KD.ZG,Isle of Man,IMN,2.48494605260277,4.05416100563947,5.46594261668328,-0.024795387361678,7.13557722748386,2.67780397565799,1.97547836946681,0.0661536023615099,-8.95938646502685,3.57042617039616,..,..
GDP per capita growth (annual %),NY.GDP.PCAP.KD.ZG,Israel,ISR,4.04507925164791,5.83779433480274,1.94337709417314,0.475269154590265,2.49264371119004,2.27442977959885,2.08447062883643,2.18667357283937,-3.57303741945609,6.80051563909181,4.75267735474706,-0.0854069833810911
GDP per capita growth (annual %),NY.GDP.PCAP.KD.ZG,Italy,ITA,1.90043982743266,3.73994653301939,-0.917813879753353,0.875477401786128,1.46569044434084,1.82033385192226,1.11781661979235,1.64850339347826,-8.52972827622958,8.87012965883184,4.32595392769208,1.22859908779216
GDP per capita growth (annual %),NY.GDP.PCAP.KD.ZG,Jamaica,JAM,3.38745877873892,0.263360853827237,0.277089053422102,0.563876019949532,1.07681542813329,0.792818276894394,1.76458302430416,0.822801591466416,-10.133126744459,4.33290128957455,5.2333542986164,2.26636116990333
GDP per capita growth (annual %),NY.GDP.PCAP.KD.ZG,Japan,JPN,4.49366120419509,2.59289108650813,0.429381122520397,1.66846511711745,0.805362824616168,1.75861180161441,0.771168471432347,-0.262170828589063,-3.86470966963243,3.0321308280439,1.40382237505176,2.42101118299132
GDP per capita growth (annual %),NY.GDP.PCAP.KD.ZG,Jordan,JOR,-5.13614661594539,2.07264711116706,-8.11747948829742,-6.53100718046935,-2.82074528696681,-0.041500684924813,-0.463136173887264,-0.520071102411436,-3.18443419178128,1.61422154288037,1.17932754711477,2.15221280704468
GDP per capita growth (annual %),NY.GDP.PCAP.KD.ZG,Kazakhstan,KAZ,..,10.1301164939223,2.67672092960876,-0.268267117061384,-0.327514634284228,2.69343213630073,2.74053637300669,3.16101154086459,-3.75798345050126,1.93213881026735,0.868329715100032,3.69941499991806
GDP per capita growth (annual %),NY.GDP.PCAP.KD.ZG,Kenya,KEN,0.708229893930422,-2.29089371405009,2.63818992950348,2.68331742509996,1.94366814420279,1.60314661619574,3.52208443515578,3.05495784951917,-2.25697950274444,5.52043630422037,2.86357121077884,3.372619514045
GDP per capita growth (annual %),NY.GDP.PCAP.KD.ZG,Kiribati,KIR,-8.03496114494212,4.93199998320846,-0.18703316592331,9.79638201592196,5.59036070516274,1.95542501161682,1.81823009902575,1.66481071743121,-2.38679824665448,6.67591551037347,1.99143546808081,2.50251175630348
GDP per capita growth (annual %),NY.GDP.PCAP.KD.ZG,"Korea, Dem. People's Rep.",PRK,..,..,..,..,..,..,..,..,..,..,..,..
GDP per capita growth (annual %),NY.GDP.PCAP.KD.ZG,"Korea, Rep.",KOR,8.80042947047626,8.15268965958531,2.55621950883497,2.26842940068582,2.5391447288435,2.87019696151147,2.46224621613314,1.8889146004307,-0.846212237799236,4.43912129317819,2.80523762871836,1.2782352431086
GDP per capita growth (annual %),NY.GDP.PCAP.KD.ZG,Kosovo,XKX,..,..,3.65358829551371,7.37182752893686,6.20364120672971,4.03867441067666,3.05666599881191,5.23740297129218,-5.40663811962673,10.9995719906095,5.33727483752655,4.02698109136337
GDP per capita growth (annual %),NY.GDP.PCAP.KD.ZG,Kuwait,KWT,-2.66200507041994,1.58475020579118,-2.57338287428911,-3.1944129440564,-0.616815085630051,-6.48678910814398,-2.12827815762768,-1.4472688575659,-3.52185532178706,4.3376243562723,5.67184221669513,-3.16546262207557
GDP per capita growth (annual %),NY.GDP.PCAP.KD.ZG,Kyrgyz Republic,KGZ,3.6880115907161,4.19482415437855,1.95799697590773,1.75886440682626,2.23180527036317,2.73409188989761,1.71320911657813,2.43933519788111,-8.89454688284506,2.49292223743613,5.8195099176309,4.26928556289565
GDP per capita growth (annual %),NY.GDP.PCAP.KD.ZG,Lao PDR,LAO,3.71421416077379,4.02996037024738,6.15313305292202,5.75341100502902,5.40858640462754,5.26492843977357,4.64655561898404,3.89244790332448,-0.970941437736954,1.06938031810783,1.28309029275829,2.32815417779044
GDP per capita growth (annual %),NY.GDP.PCAP.KD.ZG,Latvia,LVA,..,6.6993125562973,2.86636259407609,4.73918260611251,3.30843439755775,4.23211616536913,4.80391392484378,1.28926269967,-2.83485280722716,7.63560410392657,3.23449902226096,-0.407971326098462
GDP per capita growth (annual %),NY.GDP.PCAP.KD.ZG,Lebanon,LBN,24.131927811189,-0.314587225422841,-7.24259098222865,-1.49384761124993,3.83144722381587,3.37003795273026,0.727150841891671,-4.19522551235833,-19.7484284750453,-5.83236677671033,1.2409294716236,..
GDP per capita growth (annual %),NY.GDP.PCAP.KD.ZG,Lesotho,LSO,4.16471039761799,3.64753957898449,0.676425997745824,1.99090588632073,2.38374582897576,-4.33164643014115,-2.70875407449786,-2.64423294138565,-8.62458696450055,0.631493185645155,0.214985320681322,-0.162348567280162
GDP per capita growth (annual %),NY.GDP.PCAP.KD.ZG,Liberia,LBR,-44.4298862395938,23.9300999682514,-1.35044826965598,-2.03302983943588,-3.51645550978633,0.521366331956784,-0.761554820351506,-4.34345588640666,-4.93320227308388,2.84728210314857,2.64846977116963,2.47518118307937
GDP per capita growth (annual %),NY.GDP.PCAP.KD.ZG,Libya,LBY,1.10224655054382,1.73247452682546,-24.4631614706626,-2.35543692358982,-2.90159010786198,30.4963013785997,6.28283689566369,-7.30123716778905,-58.8497747099143,150.43147128152,0.189791959222589,-2.75811308314613
GDP per capita growth (annual %),NY.GDP.PCAP.KD.ZG,Liechtenstein,LIE,0.802526058390612,1.93564456435379,..,..,..,..,..,..,..,..,..,..
GDP per capita growth (annual %),NY.GDP.PCAP.KD.ZG,Lithuania,LTU,..,4.42747584792048,4.43108765446387,2.98891297061452,3.82984126408542,5.75104655735379,4.99035385554106,4.94310000159899,-0.0513690845085932,6.05877089552746,1.32592417648803,-1.7331662372312
GDP per capita growth (annual %),NY.GDP.PCAP.KD.ZG,Luxembourg,LUX,4.00981020850895,5.51040939515839,0.232564441498198,-0.115476305532894,2.73979180152419,-1.11611296239622,-0.714325922150593,0.915465845901139,-2.54734610654114,5.55350216888992,-0.643838258238688,-3.38902190622011
GDP per capita growth (annual %),NY.GDP.PCAP.KD.ZG,"Macao SAR, China",MAC,4.00582285723898,4.18500404211548,-3.79813879376178,-22.9268492907798,-2.49352439674533,7.80925542596262,4.38132728884378,-4.42253742070947,-55.1886811818336,21.6780542811206,-22.3698862480362,78.2316098798569
GDP per capita growth (annual %),NY.GDP.PCAP.KD.ZG,Madagascar,MDG,0.12577423312969,1.32925274615536,0.659691220646664,0.497287785925067,1.33834602588814,1.28190543850761,0.592066853090074,1.80753212526734,-9.41452977174291,3.21466266497153,1.35633741380686,1.53704011534042
GDP per capita growth (annual %),NY.GDP.PCAP.KD.ZG,Malawi,MWI,1.65091809580153,-0.734438442703805,2.72027421715275,0.00240303205951875,-0.248244189153354,1.23415859863351,1.62549553666524,2.65676906844917,-1.8515997803496,0.102866904343713,-1.62655269368194,-1.01408251959977
GDP per capita growth (annual %),NY.GDP.PCAP.KD.ZG,Malaysia,MYS,5.91625281875723,6.12379809146435,4.37313596233982,3.52753443643488,2.93376225389829,4.32563033470905,3.47276670505505,3.12489613274091,-6.58445333067471,2.14731128116709,7.48391811768509,2.56122436503439
GDP per capita growth (annual %),NY.GDP.PCAP.KD.ZG,Maldives,MDV,13.3026882962004,2.22989918637766,3.65965455466024,-0.526273218932744,2.19206020050278,2.93271651568628,4.82591444153626,4.16131819093712,-34.2038639987036,35.8338728330443,13.3999769851713,4.52476736638083
GDP per capita growth (annual %),NY.GDP.PCAP.KD.ZG,Mali,MLI,-4.36518797487174,-2.92505022967933,3.74263870957725,2.88286060712548,2.52844829516809,1.97229511633348,1.47317672512852,1.53145706904149,-4.29096596011043,-0.150902080045483,0.32124412971784,2.07362032709415
GDP per capita growth (annual %),NY.GDP.PCAP.KD.ZG,Malta,MLT,5.25659773465001,18.9114915967427,5.50567583401256,7.02341244072613,1.04231563575796,7.87413426177386,3.7300762666413,2.99453383390713,-10.1653346153905,11.8187308563635,5.51626066811126,1.39463214343989
GDP per capita growth (annual %),NY.GDP.PCAP.KD.ZG,Marshall Islands,MHL,0.314873410711613,1.71753594164612,0.671504268016434,4.18551071137078,4.42900584421099,6.24432015224482,8.41160209803316,13.4691070167046,0.0968588268346764,4.3897341034608,0.473769941297064,2.17643471239751
GDP per capita growth (annual %),NY.GDP.PCAP.KD.ZG,Mauritania,MRT,-4.26797406751385,-6.5702419319765,1.55574228963864,2.62469075992307,-1.37989304476751,3.50841555414037,2.05647537510671,0.479174165981505,-2.90235981873887,-1.79758695985929,3.66531588798338,0.686817860080453
GDP per capita growth (annual %),NY.GDP.PCAP.KD.ZG,Mauritius,MUS,6.4259440372149,7.14471594691584,3.63919007388208,3.55335696562737,3.79113070734437,3.84430800639895,3.9500354872734,2.85812532389771,-14.5484955921362,3.37766873430745,9.20854553289617,7.07798040261261
GDP per capita growth (annual %),NY.GDP.PCAP.KD.ZG,Mexico,MEX,3.33530749896302,3.37815766178009,1.23907995260342,1.51074466053764,0.625682747204579,0.777009685996944,1.00624881882332,-1.10575827225217,-9.28666749671056,5.14933266062441,3.29761793855816,2.46414431285061
GDP per capita growth (annual %),NY.GDP.PCAP.KD.ZG,"Micronesia, Fed. Sts.",FSM,1.83976913483599,4.67436638413858,-2.67764893895431,4.20325118906544,0.060866513467289,0.3619781855366,-0.44983728330736,3.66111590669185,-2.59656214723951,1.8686018863088,-1.67600722395809,-0.142848780142486
GDP per capita growth (annual %),NY.GDP.PCAP.KD.ZG,Moldova,MDA,..,2.31558560482232,5.06366581042911,0.429158887977096,5.87017576429136,5.99041199822246,5.92036718190722,5.22280984962049,-7.26326976771907,15.6557976122015,-2.88619144541929,2.8907057913618
GDP per capita growth (annual %),NY.GDP.PCAP.KD.ZG,Monaco,MCO,1.79398643349555,3.68298056185719,5.15370986677802,3.00924966444114,2.10030710202396,-2.9734539364436,5.82319715979524,7.06900315892088,-12.7472194563414,22.6513404560356,11.757881179007,..
GDP per capita growth (annual %),NY.GDP.PCAP.KD.ZG,Mongolia,MNG,-5.00338560461574,0.21791216782357,5.74188399910165,0.241383711641021,-0.681209924413565,3.36874224166412,5.43057257328132,3.36636842682287,-6.35124060523478,0.0141488620388373,3.46931870575813,5.50819031633058
GDP per capita growth (annual %),NY.GDP.PCAP.KD.ZG,Montenegro,MNE,..,3.27911916013552,1.68499387988115,3.33238457780671,2.92545800874741,4.70468752737763,5.10254439807166,4.09623694324546,-15.2084745840286,13.4259284810017,6.75113280678158,6.16009430671684
GDP per capita growth (annual %),NY.GDP.PCAP.KD.ZG,Morocco,MAR,1.6214025232801,1.19245094050264,1.35761320273673,3.0224298760333,-0.722002650636625,3.79227702365303,1.89944589579329,1.80265718208821,-8.16396528551064,6.88073133381511,0.215470437836871,2.12180537991193
GDP per capita growth (annual %),NY.GDP.PCAP.KD.ZG,Mozambique,MOZ,-0.638780468752941,-1.67579097532069,4.44745201097221,4.17432297357378,1.47158575392668,-0.497934417344908,0.479843610095614,-0.593438075045455,-4.04764247977863,-0.491286747430209,1.5349033903975,2.12597086407382
GDP per capita growth (annual %),NY.GDP.PCAP.KD.ZG,Myanmar,MMR,1.25252414469689,12.5052801800065,7.27167197506392,6.13764278615434,5.02932053777914,5.33231433903833,5.50679808737398,5.82719584398748,-9.70037122578579,-12.6294766630845,3.30545413445927,0.264419338525528
GDP per capita growth (annual %),NY.GDP.PCAP.KD.ZG,Namibia,NAM,-3.98596379080981,1.16740228237646,4.27191936736793,2.45071097789892,-1.71633797777358,-2.75101363036156,-0.66855426548112,-2.49939821462576,-9.66882120600128,1.92280383082317,3.83689594587877,2.67368411485332
GDP per capita growth (annual %),NY.GDP.PCAP.KD.ZG,Nauru,NRU,-5.77335354958475,-6.80233703284368,13.2367368363898,1.15348318298638,1.83780783985901,-8.31329164662473,-2.85977859778606,6.68599817956877,0.0654089980523906,6.06387309400364,0.89218173929379,-0.178315589940198
GDP per capita growth (annual %),NY.GDP.PCAP.KD.ZG,Nepal,NPL,2.12029486150485,4.39965280089368,5.70053323964268,3.41788430259847,-0.471182003735137,7.73126907720822,6.40186328295842,5.45191654383778,-4.08656859188451,2.44237973234667,3.85881208353065,0.800881695010574
GDP per capita growth (annual %),NY.GDP.PCAP.KD.ZG,Netherlands,NLD,3.46827772475396,3.45353825605781,1.05910125427069,1.50826618391271,1.64931554652068,2.30428473259315,1.76493726416223,1.28988912106223,-4.41855550924734,5.63740532928256,3.33909809860577,-0.883533871232913
GDP per capita growth (annual %),NY.GDP.PCAP.KD.ZG,New Caledonia,NCL,1.17457101710015,0.17714284157276,..,..,..,..,3.85764461057244,-1.42544610137938,-2.34239339004978,-1.85017197143804,3.95173002619944,..
GDP per capita growth (annual %),NY.GDP.PCAP.KD.ZG,New Zealand,NZL,-0.767250402213023,2.26793181431869,2.0451815064295,1.64333157642101,1.44406499831086,1.25999864014925,1.66207788960591,0.74611018814295,-2.59630156645085,4.11466940497311,2.65634589792765,-1.40810809424879
GDP per capita growth (annual %),NY.GDP.PCAP.KD.ZG,Nicaragua,NIC,-2.37808014922452,2.61127282249296,3.27875250579895,3.29662812587597,3.07960917279462,3.15734861204827,-4.71205183080173,-4.23256545668312,-3.09282801420842,8.79136335295559,2.29117424890981,3.11659458455702
GDP per capita growth (annual %),NY.GDP.PCAP.KD.ZG,Niger,NER,-4.30994206129168,-4.53360569932079,2.6850897800347,0.471154424128144,1.72985153319473,1.0627957902426,3.22662246755057,2.02491576250188,-0.237758332108058,-2.30630050913916,7.82135499434773,-1.24864366198784
GDP per capita growth (annual %),NY.GDP.PCAP.KD.ZG,Nigeria,NGA,8.87700003585374,2.31777490072069,3.55216229892477,0.0769616167241907,-4.05270636180217,-1.70987309225109,-0.590389271247744,-0.26345637824295,-4.1620592907919,1.18282822257881,0.823296497959916,0.441156422231643
GDP per capita growth (annual %),NY.GDP.PCAP.KD.ZG,North Macedonia,MKD,..,4.07405080631071,3.90792755780767,4.13429050530651,3.1782257470099,1.48936718625188,3.40375411089484,4.61869501137757,-3.65436823824773,5.59213007924724,2.52317277876426,2.12757791617015
GDP per capita growth (annual %),NY.GDP.PCAP.KD.ZG,Northern Mariana Islands,MNP,..,..,4.75010432585759,4.06981852659369,30.1749009860797,24.1516494389845,-18.5867821588383,-10.527482957259,-29.2965469244041,..,..,..
GDP per capita growth (annual %),NY.GDP.PCAP.KD.ZG,Norway,NOR,1.5820928592686,2.65053090696199,0.903762650173263,0.848799124216399,0.277407784487878,1.63950714511496,0.165530155189344,0.443429279720704,-1.85769610859076,3.35449507409562,2.08438190143963,-0.623432003233276
GDP per capita growth (annual %),NY.GDP.PCAP.KD.ZG,Oman,OMN,-5.14935162191476,5.11237365525272,-3.57336802814908,0.444638517235134,0.119161082356882,-2.87132381204755,-0.0183566727402678,-1.16331668317662,-2.11716850954581,3.61516461650578,3.0387436441855,-0.185043398650947
GDP per capita growth (annual %),NY.GDP.PCAP.KD.ZG,Pakistan,PAK,1.07026649113762,1.10232212655055,2.65952650755452,2.87542459493075,5.29832429882757,3.05478922007623,4.53244520613151,0.862674221586389,-2.97029464978425,4.57816043050141,2.80269109335549,-1.94283766076391
GDP per capita growth (annual %),NY.GDP.PCAP.KD.ZG,Palau,PLW,3.11997858379509,-4.31225908022948,5.34770587580655,9.76074887480409,0.757876995536449,-3.65317518302462,0.481401010178047,0.616587252304598,-7.85603540694406,-14.4116914444209,-0.533364115402762,0.431742859455937
GDP per capita growth (annual %),NY.GDP.PCAP.KD.ZG,Panama,PAN,5.82963458665738,0.709780771145589,3.24983013684663,3.90792888074709,3.14843275886638,3.79367797647103,1.96303772715136,1.6401875183941,-18.8543822302115,14.3217931852755,9.36878285347336,5.88753215857902
GDP per capita growth (annual %),NY.GDP.PCAP.KD.ZG,Papua New Guinea,PNG,-5.54315589190692,-5.80341296798611,10.6123177026363,3.90203126621873,2.91734310228075,1.08531216872012,-2.57131996144417,2.14546338635098,-5.22481758623621,-2.77278243910037,3.16201888023512,0.819102070688274
GDP per capita growth (annual %),NY.GDP.PCAP.KD.ZG,Paraguay,PRY,1.35533724347989,-4.1784735631924,3.83049792540911,1.50345764723987,2.79275975879854,3.34581598704227,1.79595163131663,-1.72420205098025,-2.14847789745059,2.69625613799829,-0.960716726240747,3.4813357159456
GDP per capita growth (annual %),NY.GDP.PCAP.KD.ZG,Peru,PER,-7.06601854240201,1.14477299247883,1.31920125652192,2.04895673228597,2.54786708172743,0.985513944113038,2.03724979302511,0.306641968886368,-12.2166865947607,11.9743591934842,1.7174898997512,-1.42773504639044
GDP per capita growth (annual %),NY.GDP.PCAP.KD.ZG,Philippines,PHL,0.685480244973476,2.09401888916523,4.64233602675324,4.58721825070494,5.26557127641811,5.06439325253496,4.54870091782639,4.37652555122709,-10.9781941392831,4.14651416904204,6.01819483656472,3.94620378197092
GDP per capita growth (annual %),NY.GDP.PCAP.KD.ZG,Poland,POL,..,5.65867459519393,3.91470563333374,4.45288399815828,2.99777305502597,5.12689681500834,5.94542050836115,4.47550510562556,-1.84839482693985,7.3654328477301,8.29236633399775,0.531623454887892
GDP per capita growth (annual %),NY.GDP.PCAP.KD.ZG,Portugal,PRT,4.17732841718288,3.08905404795144,1.33711996744654,2.2144828853083,2.34182321593775,3.75909438887767,3.01412372965098,2.65839260557085,-8.39685500953166,5.07669501382099,6.33622376266987,1.13770053718866
GDP per capita growth (annual %),NY.GDP.PCAP.KD.ZG,Puerto Rico,PRI,-3.70170811331964,2.98675151003447,0.436573539062167,0.706860914000828,0.665428416050347,-0.508345051404973,-0.410161932653054,1.66463944622161,-6.74641129088297,0.965622665641604,4.93760570724984,1.01594203308866
GDP per capita growth (annual %),NY.GDP.PCAP.KD.ZG,Qatar,QAT,-0.0459156513474568,2.5701661538459,-3.17836570227246,-3.92809919619101,-4.1078624678908,-5.73260962173684,-0.776739175354805,-0.764496640722243,-1.92075758851206,4.35442707982936,3.94258033577132,..
GDP per capita growth (annual %),NY.GDP.PCAP.KD.ZG,Romania,ROU,..,2.59397523199067,4.51141685454274,3.64655356590626,3.44929521895125,8.82370076808195,6.65376580785784,4.40172136610761,-3.14554156129175,6.50047052344212,4.51723504090292,2.09965979815894
GDP per capita growth (annual %),NY.GDP.PCAP.KD.ZG,Russian Federation,RUS,-3.16283597296696,10.4637091559227,-1.12194041744186,-2.2762114110788,-0.0904862004782103,1.61387325924203,2.71659271660542,2.14202624717367,-2.52680431743222,5.96554013311996,-1.73318663190568,3.89361804941169
GDP per capita growth (annual %),NY.GDP.PCAP.KD.ZG,Rwanda,RWA,-4.77249398799367,7.02924908172137,3.67276990524657,6.29032810378693,3.4132461314237,1.37389802841599,5.9059630075101,6.86176122901128,-5.66201158935542,8.25962652732505,5.68623242423337,5.79929478719474
GDP per capita growth (annual %),NY.GDP.PCAP.KD.ZG,Samoa,WSM,-4.5919381723015,4.0667186560092,-0.247106675819552,2.92496204784439,6.94733463410893,0.387482105507914,-1.59122287483045,3.36546691550508,-4.47168519860817,-8.70776752907149,-6.84689148571088,6.41335816621782
GDP per capita growth (annual %),NY.GDP.PCAP.KD.ZG,San Marino,SMR,..,0.583243559444171,-1.01166258669356,1.73997852818752,1.54583273797132,-0.395285594495562,1.19675721727393,1.99998659410139,-6.17850136644861,9.30519141231972,..,..
GDP per capita growth (annual %),NY.GDP.PCAP.KD.ZG,Sao Tome and Principe,STP,-4.50892432232176,-0.883823295903781,2.91960134224303,-0.29143919030804,3.37377877143992,2.40941467800187,2.74439117312018,0.466984036333457,0.727641306349327,-0.140450036440157,-1.81517737305937,-2.39579238120169
GDP per capita growth (annual %),NY.GDP.PCAP.KD.ZG,Saudi Arabia,SAU,10.5040995623419,2.98945802754682,1.73340179827674,2.51688696429464,-0.147393750094267,-1.38160394192704,0.767900778827467,-1.18575053223252,-4.03619785487392,5.21163634195938,6.13262664715586,-2.20061175301424
GDP per capita growth (annual %),NY.GDP.PCAP.KD.ZG,Senegal,SEN,-3.56701824622392,1.47078068161998,3.37470117405547,3.50805418581042,3.50688918804765,4.52749063133484,3.36482160369758,1.8292630702439,-1.34214592481055,3.76246020254614,1.18543325241156,1.09211395949825
GDP per capita growth (annual %),NY.GDP.PCAP.KD.ZG,Serbia,SRB,..,6.47147291411601,-1.12639732710853,2.31101588882194,3.88118476026682,2.64598586238259,5.0675948814029,4.89309425558007,-0.2409239589782,8.74735667879341,5.16395693805021,3.24698781306859
GDP per capita growth (annual %),NY.GDP.PCAP.KD.ZG,Seychelles,SYC,6.92914126648884,3.32671456371403,2.45761243916046,6.51232550996488,10.6277900412689,5.65298679577909,3.94280692985572,4.58155113586345,-12.4901374474458,-0.254097866449726,-4.8001108665391,3.25215193272193
GDP per capita growth (annual %),NY.GDP.PCAP.KD.ZG,Sierra Leone,SLE,-0.621750542467765,4.11855452190922,1.98463481397566,-22.3833148317162,3.80453756664755,1.27194946638203,1.0547690134314,2.82676305120302,-4.19655104811287,1.79687952384096,1.23255280589404,1.24981982883963
GDP per capita growth (annual %),NY.GDP.PCAP.KD.ZG,Singapore,SGP,5.63184802412309,7.16598820156491,2.59472315486744,1.76232468638902,2.25332840052626,4.42037360424483,3.0320299723957,0.191993897241005,-3.56949598146913,14.3619661171204,0.458682804705319,-3.71813638952344
GDP per capita growth (annual %),NY.GDP.PCAP.KD.ZG,Sint Maarten (Dutch part),SXM,..,..,-1.32538007804635,-2.83354620585612,0.535320538729664,-6.63247609069418,-7.62013659646763,8.96669053704105,-14.8248832529385,3.657905818171,9.3166319028865,2.7092097271822
GDP per capita growth (annual %),NY.GDP.PCAP.KD.ZG,Slovak Republic,SVK,..,1.30357495341369,2.59757522977975,5.06728462990019,1.81260702828008,2.7784542927246,3.88639887857198,2.37262351593202,-3.4126012520308,4.99394874788244,2.16063787030694,1.69028689092559
GDP per capita growth (annual %),NY.GDP.PCAP.KD.ZG,Slovenia,SVN,..,3.36587756689673,2.66713405933845,2.13325802761534,3.11634660116351,4.74710618321161,4.07631630530021,2.80435041419331,-4.88009190901116,7.9379162267506,2.27123931080948,1.15817173260085
GDP per capita growth (annual %),NY.GDP.PCAP.KD.ZG,Solomon Islands,SLB,-0.830018724544004,-16.4199848866935,-1.35332306766367,-0.860529804071021,2.95964958146601,0.587961871197322,0.312349382868433,-0.624686844901149,-5.64540180953043,0.150392485048627,0.0806310425950585,0.704416896804162
GDP per capita growth (annual %),NY.GDP.PCAP.KD.ZG,Somalia,SOM,2.8573740876038,2.97171186564616,3.83627122735946,6.31486428515046,2.48029678520032,5.2978755396651,-0.665618617313129,-0.0670916876808008,-5.83739361134317,0.111181795823015,-0.658388537355137,0.000975995751375081
GDP per capita growth (annual %),NY.GDP.PCAP.KD.ZG,South Africa,ZAF,-3.33962118357752,3.20151044858625,-0.172220609328434,-0.75792811406113,-0.309171167254917,0.766941613003056,0.319770421594569,-1.03013294267365,-7.10658878307846,3.66236830398525,1.05687467771507,-0.265252688267907
GDP per capita growth (annual %),NY.GDP.PCAP.KD.ZG,South Sudan,SSD,..,..,2.38489853377585,-10.6420744058549,..,..,..,..,..,..,..,..
GDP per capita growth (annual %),NY.GDP.PCAP.KD.ZG,Spain,ESP,3.6757679509781,4.7764007853099,1.69935265928203,3.91911726500582,2.95081590903861,2.73447515505379,1.83746046437267,1.25463175469125,-11.6001893006088,6.29065944452751,4.96805124372999,1.24249543271571
GDP per capita growth (annual %),NY.GDP.PCAP.KD.ZG,Sri Lanka,LKA,5.07947121940411,5.40184709169252,5.83855763062995,3.73104658496399,4.61823485070565,6.05814482142807,1.53963313430194,-0.829146714268376,-5.12926312074451,3.09279134925238,-7.45119298891909,-1.65961513007139
GDP per capita growth (annual %),NY.GDP.PCAP.KD.ZG,St. Kitts and Nevis,KNA,5.79605015615449,8.50330804887986,7.31613522165497,0.692028515206047,3.93705293338709,0.227233139001186,2.05478247780397,2.93687460752838,-15.2300827490454,0.555661813058038,10.4045735701569,3.21889697095578
GDP per capita growth (annual %),NY.GDP.PCAP.KD.ZG,St. Lucia,LCA,8.46668867303275,-0.731568958709232,1.0409585846688,-0.364700301425827,2.96470214555961,2.94198232427927,2.46745385761982,-1.04058973407322,-24.7798683597695,11.9712797516852,17.9401418481349,2.96445306028812
GDP per capita growth (annual %),NY.GDP.PCAP.KD.ZG,St. Martin (French part),MAF,..,..,..,1.69505996573385,5.63040418258598,-7.15990586737507,-6.24978819270983,8.85052151565475,-10.9732612789597,6.88649334233691,..,..
GDP per capita growth (annual %),NY.GDP.PCAP.KD.ZG,St. Vincent and the Grenadines,VCT,3.99456527918332,1.80156433702805,1.75976346881789,3.19822439107607,4.6560317973785,1.84674833902496,3.4382520315516,1.00422522014088,-3.47050762721716,1.04350818602323,7.55569787343531,6.27169775126757
GDP per capita growth (annual %),NY.GDP.PCAP.KD.ZG,Sudan,SDN,-6.99314223888373,3.29817914044712,1.79746715920011,-1.20799806155449,0.298783690019718,-2.51568638689621,-5.73781228362907,-4.96825070175018,-6.25022807906741,-4.4836196256332,-3.52926934636056,-14.3042535207652
GDP per capita growth (annual %),NY.GDP.PCAP.KD.ZG,Suriname,SUR,-5.51710938235234,0.279669784025444,-0.753771107060828,-4.38533208291062,-5.88927708937858,0.510548543486934,3.86010326545345,0.0576636748633064,-16.9114074466877,-3.37763159393668,1.59590985658642,1.22444266648832
GDP per capita growth (annual %),NY.GDP.PCAP.KD.ZG,Sweden,SWE,-0.0207591755191316,4.59825479417304,1.64424400595537,3.39017629600058,0.79614630049835,1.19514757132167,0.772577449000039,0.957561656419784,-2.87468419018519,5.51142519349814,1.96686365077406,-0.666848158531991
GDP per capita growth (annual %),NY.GDP.PCAP.KD.ZG,Switzerland,CHE,2.61546619863479,3.37615729497902,1.10869359440046,0.494129822392765,0.960131673178253,0.421326163056477,2.10552472012415,0.423089768227314,-2.85415832226442,4.5881921178937,1.73600130033897,-0.127139868143971
GDP per capita growth (annual %),NY.GDP.PCAP.KD.ZG,Syrian Arab Republic,SYR,0.605389708051504,-1.83360349573415,-3.94925293480863,0.146192502227933,-5.21654691915067,-0.823278239065289,-0.442849729031707,-2.63099215855095,-3.42272708302652,-1.3214116536431,..,..
GDP per capita growth (annual %),NY.GDP.PCAP.KD.ZG,Tajikistan,TJK,-3.41673599156007,6.88357425608561,4.26855718924833,3.56019355333524,4.43428362152531,4.69765772352821,5.21172131260622,4.99743636034486,2.1441873382557,7.07897317485686,5.80020604279406,6.26334647589941
GDP per capita growth (annual %),NY.GDP.PCAP.KD.ZG,Tanzania,TZA,4.26155396960681,1.60420802864729,3.47055315099234,2.68536728529934,3.23214355083614,3.24006236069334,2.1743589821609,2.66781708219399,-1.01958280878104,1.24780243811844,1.53475358630961,2.17885025093207
GDP per capita growth (annual %),NY.GDP.PCAP.KD.ZG,Thailand,THA,9.34671904613388,3.42181481134629,0.43258232301369,2.64481251549444,2.977158499243,3.74984374367759,3.88643966054494,1.85684899765484,-6.27073306032999,1.39024300962116,2.32567933727015,1.73489277205894
GDP per capita growth (annual %),NY.GDP.PCAP.KD.ZG,Timor-Leste,TLS,..,55.9704836583336,2.42022311666817,1.00843564258626,1.78552739164969,-4.59930822213956,-2.15740770257085,21.6199740170024,29.9766964274406,3.64548336173397,-21.7473583126588,-15.5731802793234
GDP per capita growth (annual %),NY.GDP.PCAP.KD.ZG,Togo,TGO,-3.1336956145323,-3.55894727145683,2.99321468020433,2.85934049651289,1.65589269188359,1.4725493020598,2.27003280676372,2.4228408160517,-0.417772638015364,3.51118001032287,3.32289076193955,3.9974130613107
GDP per capita growth (annual %),NY.GDP.PCAP.KD.ZG,Tonga,TON,-2.38937343689918,0.265442712257212,2.46169427346916,1.65237893342727,6.98939252059962,3.60863612360343,0.493856827697542,0.897435308576604,0.199363590239884,-3.36800414054153,-2.78271515032037,..
GDP per capita growth (annual %),NY.GDP.PCAP.KD.ZG,Trinidad and Tobago,TTO,0.682999954200753,6.48890519128867,3.14259802643744,-1.4240950458499,-8.10318508446458,-5.39812217531048,-2.32670153039294,-0.645407370347058,-8.96959541706835,-1.52495373406445,1.12556585792542,1.84428502698408
GDP per capita growth (annual %),NY.GDP.PCAP.KD.ZG,Tunisia,TUN,5.60118821921662,3.59602689821163,1.92976504925548,-0.157752756538599,0.0107963170930248,1.14914304799336,1.57917938586991,0.607548216589834,-9.43669835870003,3.74173592017368,1.83027791719874,-0.399410951873563
GDP per capita growth (annual %),NY.GDP.PCAP.KD.ZG,Turkiye,TUR,7.21674198926634,5.38556718247052,3.53349204037028,4.6785959933809,1.94225845985372,6.11695888825578,1.62818524031636,-0.612618493559708,0.876186370101166,10.4293952224225,4.49949975785783,4.0929402864446
GDP per capita growth (annual %),NY.GDP.PCAP.KD.ZG,Turkmenistan,TKM,31.7827609742581,3.89819985865532,8.2927808288092,4.59254389544923,4.35181162919179,4.71877337208811,4.50706954385672,4.6886240393401,..,..,..,..
GDP per capita growth (annual %),NY.GDP.PCAP.KD.ZG,Turks and Caicos Islands,TCA,..,..,4.38894661597293,6.58354239873972,2.46152891612343,-6.41037546431082,1.42812183920495,1.4167677757474,-28.7606998854916,7.00033085176537,4.8313409795758,0.411259850998263
GDP per capita growth (annual %),NY.GDP.PCAP.KD.ZG,Tuvalu,TUV,13.3027000653453,-0.949939400679725,0.174327919992663,10.6399972418866,5.90378958056597,2.67546724101535,1.04201651504239,12.8766976595627,-5.25215970260339,0.577470582190415,-0.283895501630582,3.08730937309292
GDP per capita growth (annual %),NY.GDP.PCAP.KD.ZG,Uganda,UGA,3.09533287365606,-0.0417874228725452,2.03158558617645,1.98592377035136,1.34418674739261,-0.412239332308602,2.74903046108834,2.88570892180931,-0.423316496776323,0.264400771937062,1.49837165050579,2.34507012904757
GDP per capita growth (annual %),NY.GDP.PCAP.KD.ZG,Ukraine,UKR,-6.55892790804457,6.97135971117342,-4.87524996257295,-9.44383219053168,2.85480260756702,2.81064547083641,4.01638177635452,3.79372391176472,-3.10165858921107,4.36448461386128,-16.7283581123208,8.04695569533568
GDP per capita growth (annual %),NY.GDP.PCAP.KD.ZG,United Arab Emirates,ARE,11.5831413390823,4.83612964773319,3.17420248692079,5.81735787132587,4.65350539500164,-0.0873260713745054,0.517239888701809,0.323686526806853,-5.73104452161624,3.48721466285863,6.98241746623059,2.5808960718624
GDP per capita growth (annual %),NY.GDP.PCAP.KD.ZG,United Kingdom,GBR,0.433081150104584,3.94666041513302,2.43857440495138,1.41349868255548,1.15154932987107,1.96002099357008,0.791214735013071,1.06983334867479,-10.687168020963,8.76398582256878,3.16817537223257,-0.714682165144737
GDP per capita growth (annual %),NY.GDP.PCAP.KD.ZG,United States,USA,0.741486721211061,2.92586254490257,1.77469980748791,2.19043056582386,1.08425738313417,1.81147636540288,2.42587721947302,2.00148267922953,-3.15644425196703,5.63386812824078,1.56159818901087,2.0395059357577
GDP per capita growth (annual %),NY.GDP.PCAP.KD.ZG,Uruguay,URY,-0.317980081088734,-2.32495454329535,2.9197296574484,0.0416798769461195,1.36367741460649,1.48963768853973,0.0229977956802401,0.888322576588905,-7.39838466784262,5.64896088197078,4.81328659416214,0.358268516871973
GDP per capita growth (annual %),NY.GDP.PCAP.KD.ZG,Uzbekistan,UZB,-0.416633675410012,2.40808172497854,5.08610432169459,5.36481696760778,4.10607276304242,2.65248473333584,4.05650668062363,4.01139218369858,0.0538222370206114,5.30221790005542,3.49604367004434,3.7643988490528
GDP per capita growth (annual %),NY.GDP.PCAP.KD.ZG,Vanuatu,VUT,8.95590456155684,3.36484277457321,0.694155032875415,-1.99743087331125,2.18259585262859,3.74544632653678,0.456982334488742,0.831127736745984,-7.21187853416568,-3.85109540163994,-0.455454836596076,-0.160067101219369
GDP per capita growth (annual %),NY.GDP.PCAP.KD.ZG,"Venezuela, RB",VEN,3.90584744788616,1.73114510029852,-5.02511141422512,..,..,..,..,..,..,..,..,..
GDP per capita growth (annual %),NY.GDP.PCAP.KD.ZG,Viet Nam,VNM,2.82926252371433,5.60127926803415,5.29338738412332,5.87784930468686,5.61868010324022,5.90924097336334,6.46719149769011,6.39258594504489,1.9373565936546,1.69163268841115,7.33194108707495,4.33227105899886
GDP per capita growth (annual %),NY.GDP.PCAP.KD.ZG,Virgin Islands (U.S.),VIR,..,..,-1.62976237975002,-0.26792231561096,1.78607056891147,-0.517853882355141,2.17142607924004,3.25391465589726,-1.56703477376428,3.26224011297933,..,..
GDP per capita growth (annual %),NY.GDP.PCAP.KD.ZG,West Bank and Gaza,PSE,..,-10.8631881105429,-2.47102630481804,1.37258508832343,6.44666146094556,-0.577622802403482,-1.30481419195327,-1.15161366535136,-13.4963869730477,4.41469534491321,1.58856471383393,-7.74337275590695
GDP per capita growth (annual %),NY.GDP.PCAP.KD.ZG,"Yemen, Rep.",YEM,..,3.25131820615718,-2.95538929742692,-29.9217612975433,-11.7200183365993,-7.4751131336467,-1.72173475812296,..,..,..,..,..
GDP per capita growth (annual %),NY.GDP.PCAP.KD.ZG,Zambia,ZMB,-3.00744689939025,1.06229169242992,1.34836928363444,-0.312861216401132,0.540360376038933,0.352150840303551,0.897347460387692,-1.56423687695015,-5.59573305992129,3.2594577171275,2.38646854329585,2.99208354888158
GDP per capita growth (annual %),NY.GDP.PCAP.KD.ZG,Zimbabwe,ZWE,4.15834043459395,-4.02757591112872,-0.715190165913654,-0.132759721781923,-1.1778926023423,1.97484556825425,2.90939513608366,-8.17732035157181,-9.67040477679424,6.27161321467831,4.38799693803165,2.78383918785599
,,,,,,,,,,,,,,,
,,,,,,,,,,,,,,,
,,,,,,,,,,,,,,,
Data from database: World Development Indicators,,,,,,,,,,,,,,,
Last Updated: 09/19/2024,,,,,,,,,,,,,,,
Code,License Type,Indicator Name,Long definition,Source,Topic,Periodicity,Aggregation method,Statistical concept and methodology,License URL
NY.GDP.PCAP.KD.ZG,CC BY-4.0,GDP per capita growth (annual %),Annual percentage growth rate of GDP per capita based on constant local currency. GDP per capita is gross domestic product divided by midyear population. GDP at purchaser's prices is the sum of gross value added by all resident producers in the economy plus any product taxes and minus any subsidies not included in the value of the products. It is calculated without making deductions for depreciation of fabricated assets or for depletion and degradation of natural resources.,"World Bank national accounts data, and OECD National Accounts data files.",Economic Policy & Debt: National accounts: Growth rates,Annual,Weighted average,"For more information, see the metadata for constant U.S. dollar GDP (NY.GDP.MKTP.KD) and total population (SP.POP.TOTL).",https://datacatalog.worldbank.org/public-licenses#cc-by
